id,name
2208457,Іванівка
2204667,Іванівка
2218457,Іванівці
2218393,Іване-Пусте
2218044,Іваничі
2200172,Іванківці
2200793,Іванковецький
2208535,Івано-Кепине
2218200,Івано-Франківськ
2200187,Івачкове
2900148,Галаба
2208527,Галаганівка
2200281,Галайбине
6700283,Галаймор   *
2020114,Галанино
2054851,Галачинский
2500253,Галгауска
2204605,Галещина
2800530,Гали
2200346,Галинівка
2054927,Буравщина
2040397,Буранная
2020778,Бурасы
2010044,Бурачиха
2100669,Бурбин
2214516,Бурбулатівська
2004591,Бурга
2900111,Бургутли
2038089,Бурдасский
2010828,Бурдуково
2900832,Ходжадавлет
2900830,Ходжейли
2900175,Ходжикент
2218102,Ходовичі
2218098,Ходорів
2200748,Ходорівка
2100089,Ходосы
2000024,Ходынино
2060058,Ходящево
2218373,Малий Ходачків
2218000,Львів
2208311,Львівські Отруби
2000615,Львівська
2218340,Городок-Льв.
2219059,Дубляни-Львівські
2218024,Черкаси Львівські
2200053,Бровари
2218150,Броди
2100329,Бродище
2010276,Бродни
2100121,Брожа
2054673,Бройлерная
2005105,Броневая
2100684,Бронислав
2005074,Бронка
2100189,Бронная Гора
2300021,Крива
22232,Крива Кордон
2001209,Кривандино
2064284,Кривенковская
2014342,Кривецкая
2210900,Кривий Ріг-Гол.
2210834,Кривий Ріг-Зах.
2210794,Кривий Ріг-Сорт.
2210680,Кривий Ріг-Червона
2214094,Кривий Торець
2068494,Слава
2044735,Славгород
2210681,Славгород-Півд.
2100013,Славное
2004024,Славотино
2058447,Славск-Новый
2218091,Славське
2200763,Славута-1
2201242,Славутич
2004163,Славянка
2000202,Шепелево
2200220,Шепетівка
2200182,Шепетівка-Подільська
2100664,Шепичи
2064092,Шепси
2064558,Шептуховка
2708901,Шептыкуль
2200344,Нові Білокоровичі
2201041,Нові Безрадичі
2200389,Нові Обиходи
2208315,Нові Олешки
2204613,Нові Санжари
2204446,Нова Баварія
2200710,Нова Бистра
2200743,Нова Борова
2200715,Нова Вигода
2200744,Нова Волиця
2000096,Кораблевка
2000090,Кораблино
2900858,Корадахна
2011283,Корба
6600724,Корвонгузар
2200293,Кордишівка
2038418,Кордон
2030033,Кордон
2061517,Кордяга
2010275,Корега
2214063,Святогірськ
2014741,Святославка
2200008,Святошин
2200001,Київ
2200003,Київ-Волинський
2200004,Київ-Деміївський
2201180,Київська Русанівка
2200032,Бахмач-Київ.
2000007,Москва Київська
2001069,Москва-Сорт-Київськ.
2204580,Полтава Київська
2707671,Тер-Уз-Адм
2705804,Тербенбес
2015384,Тербуны
2218148,Теребовля
2004137,Теребочево
2000583,Теребуж
2004626,Теребутенец
2064102,Терек
2708982,Теректы
2005142,Терелесовская
2100764,Хмелевка
2000438,Хмелево
2011242,Хмельники
2200300,Хмельницький
2200313,Хмельовик
2200240,Хмільник
2200270,Жмеринка-Пас.
2200245,Жмеринка-Под.
2200200,Вінниця
2200318,Вінниця-Вант.
2201033,Козак
2208533,Козацька
2204511,Козацьке
2200387,Козачівка
2204438,Козача Лопань
2014669,Козачок Бп
2000403,Козелкино
2024906,Козелковская
2000383,Козельск
2204606,Козельщина
2208521,Біла Криниця
2200180,Біла Церква
2218156,Біла Чортківська
2204604,Білани
2208560,Білгород-Дністр.
2200148,Білгородка
2204787,Білецьківка
2204393,Білий Колодязь
2218508,Білин
2200082,Біличі
2030294,Мир
2204869,Мир
2020041,Миражный
2204570,Миргород
2708966,Мирза
2045832,Мирман
2204716,Мирна
2050383,Мирная
2024200,Мирная
2210987,Мирний
2200303,ім. П'яскорського
2208072,ім. І. А. Ємця
2208071,ім. І. С. Шеверняєва
2210835,ім. Анатолія Алімова
2200044,ім. Бориса Олійника
2204506,ім. Василя Несвіта
2200065,ім. Георгія Кірпи
2214164,ім. Кашпарова
2204416,ім. Олега Крючкова
2208350,ім. Тараса  Шевченка
2064142,Долаково
2014435,Долбино
2000262,Долгая
2000100,Долгопрудная
2015382,Долгоруково
2058043,Долгоруково-Западное
2060064,Долгушино
2500730,Доле
2100931,Должа
2024522,Должниково
2100857,Аполлоновка
2064038,Аполонська
2210830,Апостолове
2010092,Вис
2400443,Висагинас
2208347,Виска
2014907,Вислое
2200397,Високе
2208518,Високопілля
2208097,Висоцьке
2301550,Вистерничени
2204881,Вистороп
2200261,Виступовичі
2204954,Сніги
2208526,Снігурівка
2204402,Сніжна
2201298,Снітинка
2208530,Херсон
2209510,Херсон Східний
2204885,Микільське
2100146,Микашевичі
2100907,Микелевщина
2214030,Микитівка
2208397,Миколаєве
2208536,Миколаїв Пас.
2208540,Миколаїв-Вантаж.
2218083,Миколаїв-Дніст.
2200317,Миколаївка
2210799,Миколаївка-Донецька
2200070,Ніжин
2214027,Ніжнянський
2004909,Червас
2100019,Червено
2048006,Червинка
2064104,Червлена
2064106,Червлена-Вузлова
2201196,Червоні Партизани
2218296,Червона Дубрава
2208055,Червоне
2208033,Червоний Граніт
2210764,Червоний Схід
2210938,Полівський
2208436,Полігон
2004551,Пола
2031275,Полазна
2040486,Полдневая
2014336,Полева
2100624,Полеваче
2020072,Полевой
2024921,Полевой
2030071,Полевской
2064246,Хар-Булг
2020920,Харабалинська
2800426,Харагоули
2050357,Харагун
2054033,Харагун
2038262,Хараджуль
2050121,Харанор
2054752,Харанхой
2030111,Харенки
2054321,Харик
2214020,Лиман
5700843,Лиман*
2208306,Лиман-Дунайський
2204933,Лиманська
2208618,Лиманська
2500830,Лимбажи
2030323,Лимбей
2024111,Лимеза
2011228,Лименда
2035632,Лимичевка
2208417,Слобідка
2208324,Слобідська
2200166,Слобідський Пост
2100463,Слобода
2218267,Слобода Банилів
2201201,Слобода Петрівка
2208608,Слободзея
2100632,Слободка
2060758,Слободское
2100662,Слободской
2034724,Крабовая
2042601,Кравцево
2101227,Кравцовка
2005279,Кравцово *
2038239,Кравченко
2100850,Краева
2041620,Край
2214110,Краматорськ
2000886,Крапивинская
2011235,Красавино
2200444,Дружба
2208309,Дружба
2064349,Дружба
2030042,Дружинино
2214089,Дружківка
2058073,Дружное-Западное
2024891,Дружный
2400405,Друскининкай
2500247,Друсти
2100079,Друть
2704988,Кос-Арал
2060501,Коса
2208354,Косарі
2018013,Косаревский
2020945,Косарка
2038192,Косачи
2000771,Косая Гора
2035641,Косграмбо
2218128,Косини
2001019,Косино
2200794,Буг
2208486,Бугаз
2038003,Бугач
2044783,Буготак
2004618,Бугры
2010854,Бугры-Полярные
2061412,Бугрыш
2024740,Бугульма
2700085,Бугунь
2024650,Бугуруслан
2709789,Кар П-Айс
2707753,Кар С Бах Ж
2709791,Кар С-Айс
2205619,Кар'єр
2218634,Кар'єр Кор
2208044,Кар'єрний
2708891,Кара-Адир
2064648,Кара-Багли
2040542,Кара-Гуга
2064072,Кара-Джалка
2900143,Аккавак
2208483,Аккаржа
2004259,Аккахарью
2704848,Аккемер
2707892,Аккист-Зб
2708911,Аккудык
2704707,Аккудык
2704942,Аккум
2208001,Одеса
2208451,Одеса-Застава 1
2208479,Одеса-Західна
2208002,Одеса-Східна
2208052,Роз'їзд 1 Км
2210197,Роз'їзд 107 Км
2210319,Роз'їзд 10Км
2210207,Роз'їзд 11 Км
2210193,Роз'їзд 123 Км
2204951,Роз'їзд 13 Км
2210749,Роз'їзд 137 Км
2210117,Роз'їзд 142 Км
2210966,Роз'їзд 18 Км
2214312,Роз'їзд 2 Км
2041554,Затвор
2208520,Затишшя
2218370,Затока
2020062,Затон
2041745,Затон
2054671,Затяжной
2000531,Под'елки
2208377,Подібне
2208450,Подільськ
2034651,Подали
2024648,Подбельская
2011442,Подбережский
2004128,Подберезье
2004658,Подборовье
2204968,Подвірки
2000054,Подвислово
2024588,Кодада
2054119,Кодар
2100698,Кодень*
2208510,Кодима
2010024,Кодино
2031373,Кодинский
2200115,Кодня
2800799,Кодор
2006248,Кодосно
6600861,З.код
2208430,Вапнярка
2218050,Вапнярки
2600190,Вапрамяэ
2201263,Деражня
2064045,Дербент
2064241,Дербетовка
2060617,Дербышки
2202263,Дерганівка
2204441,Дергачі
2000287,Деревеньки
2200269,Деревини
2100071,Деревцы
2004326,Деревянка
2060650,Волга
2010201,Волга
2060646,Волга Пост
2020833,Волгоград 2
2020500,Волгоград-1
2020967,Волгогрес
2064145,Волгодонская
2011286,Волгореченск
2031285,Волеги
2031212,Волегово
2014529,Коліно
2004723,Кола
2300488,Колбасная
2210268,Колгоспка Рзд
2700749,Колдар
2014167,Колдобаш
2004367,Колежма
2214376,Колективний
2000569,Колесники
2004664,Коли
2214017,Забіркіне
2100335,Забабье
2068407,Забайкалец
2050185,Забайкальск *
2004511,Забелье
2054324,Забитуй
2100803,Забозье*
2028058,Забойщик
2218175,Заболотів
2100489,Заболотинка
2218045,Снятин
2100025,Буда-Кошелівська
2054314,Будагово
2020942,Бударино
2005186,Будасси
2400030,Будвечяй
2209434,Буддеталь
2064283,Буденновск
2204904,Буди
2204805,Будинок Відпочинку
2030674,Будка
2800540,Зугдиди
2004058,Кеб
2900967,Фергана 2
2200207,Фердинандівка
2000372,Ферзиково
2030023,Ферма
2038369,Ферма
2044042,Ферма
2900165,Феруза
2218631,Цеглівка
2214372,Солідарний
2010151,Солга
2061639,Солдатка
2038453,Солдаткино
2064039,Солдатская
2600126,Солдина
2704865,Соленая
2038388,Соленое Озеро
2011158,Солза
2100063,Солигорск
2900867,Хайрабад
2038229,Хайрузовка
2200077,Хайчнорин
2214210,Дебальцеве
2214287,Дебальцеве Сортувальн
2011274,Деболовская
2065326,Дебри
2000984,Дебрянский
2214212,Нікішине
2040470,Нікель
2210780,Нікополь
2210257,Нікопольбуд
2214239,Німчине
2200428,Ніфар
2030028,Кишерть
2300000,Кишинеу
5700926,Кишлы
2500007,Кишупе
2208098,Західний
2204859,Захарівський
2020815,Захаровка
2001053,Захарово
2001121,Захарово
6700928,Захмет
2004112,Заход
2005196,Заходское
2004812,Захонье
2100532,Жлобин-Західний
2218115,Чоп-Пас.
2000402,Батагово
2064105,Батайск
2400332,Батакяй
2708106,Батали
2100872,Батали
2004725,Баталино
2054817,Батарейная
2064543,Баташевский
2060645,Батеево
2004612,Батецька
2218070,Мукачеве
6700245,Мукры *
2055840,Муксут
2800463,Мукузани
2048055,Мукунга
2704802,Мукур
2707874,Мукур-Зб
2200235,Мукша
2060359,Мукшур
2218290,Свалява
2214052,Сватове
6700842,Лавак
2218273,Лавочне
2055824,Лаврентьево
2218110,Лавриків
2005286,Лаврики
2066149,Лаврово
2050370,Сковородино
2100708,Скоки*
2218088,Сколе
2000690,Сколково
2010860,Скоморохово
2000161,Скопин
2204152,Скоростний
2001312,Скоротово
2204528,Скороходове
2214241,Скосирська
2218113,Стрілки
2218802,Стрільськ
2219075,Страбичеве
2100697,Страдичи*
2100520,Страж
2204491,Страсний
2020006,Страхово
2014123,Страховский
2218826,Страшів
2060698,Стреж
2204798,Відпочинок
2210813,Відрадна
2007855,Мос/в.интур
2060027,Мосинский
2044684,Москаленки
2000651,Москва 2 Митьково
2000355,Москва 3
2000006,Москва Белорусская
2000003,Москва Казанская
2000001,Москва Курська
2007874,Москва Лбк
2022000,Вагонное Депо
2014213,Вагонное Депо
2065245,Вагонное Депо
2004759,Веерное Депо
2064356,Гизель-Дере
2004527,Дєдовичі
2004182,Дєтскоє Село
2201280,Дарниця Депо
2020768,Татіщево
2034565,Татакан
2218218,Татарів
2300622,Татарашены
2100098,Татарка
2044820,Татарская
2100517,Татарщизна
2054551,Татаурово
2004119,Татино
5700732,Татлу
2024127,Саевка
2024530,Торбеево
2004586,Торбино
2030569,Торгили
2034040,Торговый Порт
2068590,Торгоый Порт
2500291,Торе
2214218,Торез
2054764,Торея
2004520,Торжок
2030694,Торн
2210960,Федорівка
2204823,Федорівка
2005973,Федорково
2033824,Федоровка
2000497,Федоровская
2060780,Федулово
2204943,Федунка
2100640,Федюки
2204886,Федючкове
6600209,Кабадиан
2100886,Кабаки
2044757,Кабаклы
2024787,Кабаково
2600236,Кабала
2030003,Кабалуд
2214109,Кабаннє
2031289,Кабанов Мыс
2024643,Кабановка
2000033,Кабаново
2020893,Дем'яс
2200322,Демійка
2024664,Дема
2214031,Деменкове
2100203,Демехи
2200708,Демидівка
2208428,Демківка
2214011,Демурине
2048008,Демченко
2200173,Демчин
2600197,Ворбузе
2200085,Ворзель
2010040,Воркута
2004040,Воробецкая
2014541,Воробьевка
2034032,Воробьево
2061647,Воробьевский
2200050,Ворожба-Пас.
2011290,Ворожино
2218320,Ворона
2100317,Ярево
2010094,Ярега
2215261,Яремівка
2218255,Яремче
2204568,Яреськи
2218272,Надіїво
2208601,Надія
2218209,Надвірна
2004697,Надвоицы
2034704,Надеждинская
2014027,Надежевка Оп
2218158,Надиби
2038004,Злобино
2060726,Злобино
2040455,Злоказово
2300606,Злоць
2218185,Злочів
2218141,Зборів
2218863,Підбірці
2218841,Підвисоке
2218260,Підволочиськ
2205607,Підгірки
2218498,Підгайчики
2218186,Підгать
2014549,Підгорне
2208422,Підгородна
2201043,Підгорці
2218215,Підзамче
2208524,Калініндорф
2020787,Калініно
2708947,Калагир
2208060,Калаглея
2064421,Каладжинская
2014681,Калаис
2055009,Калакачан
2208545,Каланчак
2300587,Калараш
2028121,Калары
2200096,Фасова
2000520,Фасонолитейная
2200150,Фастів 1
2200143,Фастів 2
2500427,Олайне
2010845,Оларево
2060593,Йошкар-Ола
2704819,Опорная
2034474,Кенада
2034592,Кенай
2705844,Кенбай
2050424,Кендагиры
2704871,Кендала
2060618,Кендери
2060416,Кендя
2704827,Кенжалы
2024552,Кензино
2011171,Кеница
2218094,Глібовичі
2040451,Катав-Ивановск
2040509,Катайск
2050425,Катарангра
2208094,Каташин
2000114,Катино
2004380,Катозеро
2215374,Катран
2300577,Катраник
2900860,Каттакурган
2000610,Катуар
2044752,Тараданово
2054966,Таракановка
2034546,Таракелок
2300616,Тараклия
23223,Тараклия-Болград
2708105,Тарановская
2201135,Тарасівка
2204997,Тарасівка
2064566,Тарасівка
2060454,Тарасиха
2218040,Ланівці
2030153,Лангепасовский
2030179,Лангур
2034480,Ландыши
2210242,Ланкоскладальне
2204586,Ланна
2005045,Ланская
2214369,Лантратівка
2218655,Ланчин
2800490,Ланчхути
5100096,Пшемисль
2064082,Пшехская
2214460,Ярова
2208378,Яроватка
2044736,Яровое
2200131,Яроповичі
2201192,Ярославка
2010002,Ярославль Пасс
2010001,Ярославль-Главный
2204915,Яротівка
2200259,Ярошенка
2000002,Москва Ярославская
2200202,Сопин
2054650,Сопка
2040408,Золотая Сопка
2038167,Красная Сопка
2034666,Партизанские Сопки
2210288,Мала Білозерка
2200424,Мала Олександрівка
2204615,Мала Перещепин.
2201188,Мала Строївка
2210692,Мала Токмачка
2218381,Мала Язвинка
5700747,Малай
2700798,Малай-Сары
2204957,Маланівка
2001180,Малаховка
2038041,Правая
2024097,Правая Белая
2024969,Правая Волга
2045730,Правая Обь Оп
2024102,Правая Уфимка
2210287,Правда
2000465,Правда
2061455,Правдинск
2400365,Правенишкес
2500238,Правини
2210677,Іларіонове
2001432,Цех
2214520,Легендарна
2010328,Варакинский
2500109,Варакляны
2210311,Варварівка
2204154,Варварівський
2038093,Варваренка
2014140,Варваринский
2040524,Варгаши
2064338,Вардане
2800866,Вардгинети
2011231,Варегово
2300598,Ченак
2700891,Ченгельды
2209390,Дар'ївка
2214206,Дар'ївка
2100069,Дараганово
2050530,Дарасун
2700115,Дарбаза
2900871,Дарбанд
2400314,Дарбенай
2064047,Дарг-Кох
2400344,Даржеляй
2500680,Дарзини
2210739,Дніпро Одб
2210700,Дніпро-Головний
2210701,Дніпро-Лоцманська
2210831,Дніпробуд 2
2208327,Дніпровська
2210200,Дніпрорудне
2200236,Дністер
2204597,Крюків На Дніпрі
2061592,Кам Овраг
2210792,Кам'яне Поле
2201250,Кам'янец. Переїзд
2200260,Кам'янець-Подільський
2208625,Кам'яний Міст
2218124,Кам'яниця
2218016,Кам'яниця-Волин.
2208355,Кам'янка
2218071,Кам'янка-Бузька
2218172,Кам'янобрід
2100824,Верасы*
2204800,Вербівка
2200215,Вербівці
2100713,Верба
2218018,Верба
2000027,Вербилки
2001874,Вербицкая
2218832,Вербка
2204162,Вербки
2020921,Верблюжья
2204676,П'ятипілля
2210810,П'ятихатки
2210842,П'ятихатки-Стик.
2000846,Волоста-Пятница
2218243,Пядики
2004403,Пяйве
2004742,Пяльк'ярви *
2004741,Пяльксаари *
2600409,Пярну Груз
2038194,Зеледеево
2204754,Зеленівка
2208392,Зелена
2204786,Зелена
2204701,Зелена    Роща
2014051,Зеленая Поляна Оп
2004215,Зеленец
2208515,Зелений Гай
2218356,Зелений Гай
2204700,Зелений Гай
2200103,Олевськ
2014118,Олегово
2020331,Олейниково
2048095,Олекма
2014460,Олексіївка
2209384,Олександрівка
2064909,Олександрівка
2208380,Олександрія
2218524,Олександрія-Рівненська
2020941,Олексиково
2208400,Знам'янка
2208390,Знам'янка-Пас.
2058727,Знаменка Новая
2100699,Знаменка*
2058441,Знаменск
2100102,Красное Знамя
2208353,Фундукліївка
2704992,Цвілінга
2208359,Цвіткове
2200183,Цвітоха
2201282,Берізка
2210829,Берда
2064906,Берданосовка
2900696,Бердах
2200120,Бердичів
2200117,Бердичів-Житом.
2020817,Бердия
2044710,Бердск
2042640,Берды
2210690,Бердянськ
2218010,Здолбунів
2218232,Здолбунів-Півд.
2000256,Здоровец
2200436,Дубіївка
2219007,Дубівці
2040362,Дубінівка
2201168,Дубінка
2014714,Дубасовский
2500728,Дубени
2024665,Дубенки
2038183,Дубинино
2034694,Дубининский
2014190,Дубины
2201162,Радівці
2014438,Рада
2400398,Радвилишкис
2200757,Радвине
2208402,Радгосп Правда
2204974,Радгоспна
2100572,Радеево
2208542,Раденське
2218069,Радехів
2401407,Раджюнай
2210781,Вільне
2204487,Вільний
2210674,Вільногірськ
2210683,Вільнянськ
2200370,Вільхівці
2214161,Вільхова
2200072,Вільча
2201026,Вільшаниця
2204845,Горіх Гай
5700821,Горадиз *
2061570,Горбатовка
2000184,Горбачево
2200112,Горбаші
2034008,Горбольница
2068558,Горбольница
2031230,Горбуново
2040531,Горбуново
2201191,Гордіївка
2010289,Дровинки
2000831,Дровнино
2030152,Дровяное
2100125,Дрогичин
2100562,Дрогичин Город
2218155,Дрогобич
2048135,Дрогошевск
2034468,Дроздов
2300557,Дрокія
2214464,Дронове
2200334,Трубіж
2004094,Трубец
2064262,Трубецкая
2005044,Трубино
2014300,Трубицино
2020121,Трубная
2005363,Трубниково
2100827,Труд
2044174,Труд
2028094,Трудармейская
2218513,Чорна Гора
2200266,Чорний Острів
2040358,Чорний Отрог
2208127,Чорнобаївка
2205603,Чорноглазівка
2218264,Чорногузи
2100663,Чорноземівка
2208351,Чорнолісська
2208091,Чорноморськ-Порт
2209452,Чорноморська
2218095,Ужгород
2204790,Любавка
2100612,Любань
2004616,Любань
2208444,Любашівка
2101034,Любашево
2218274,Любень-Великий
2001020,Люберцы 1
2001182,Люберцы 2
2000389,Любестово
2010279,Любим
2210821,Самійлівка
2030182,Сама
2024506,Самаевка
2210819,Самарівка
2024000,Самара
2001007,Самара Радица
2038040,Самарка
2900700,Самарканд
2064054,Самашкинская
2218005,Самбір
2001765,Белые Столбы
2068401,Заозерное Старое
2020878,Золотий Степ
2014443,Кариан-Строганово
2001420,Кр. Строіт
2064169,Красная Стрела
2038598,Красноярские Столбы
2020147,Лодочная Станция
2050486,Тур
2218041,Турійськ
2208045,Турія
2024057,Тураево
2900286,Туракурган
2200199,Турбів
2038140,Турбаза
2054895,Турбаза
2038052,Турбаза Восход
2038050,Турбаза Простор
2401416,Сянейи Тракай
2218118,Сянки
2400428,Сянове
2004317,Сяньга
24215,Лихачи-Сянове Граница.
2001846,Стабна
2500863,Стабурагс
2200766,Ставище
2208076,Ставки
2208110,Ставки
2218908,Ставне
2064700,Ставрополь
2218898,Ставчани
2064383,Стадион
2200204,Стадниця
2200078,Велідники
2100326,Веленский
2060389,Велетьма
2800511,Вели
5701710,Велидаг
2044991,Велижановка
2208543,Великі Копані
2200216,Великі Пузирки
2200372,Великі Юначки
2218928,Велика Бігань
2068451,Первая Падь
2020132,Первая Расловка
2035580,Первая Речка
2708081,Первая Целинная
2208517,Первенець
2708906,Первое Мая
2038064,Первое Мая
2208119,Первомай. На Бузі
2060406,Первомайск-Горьковский
2031190,Первомайская
2060321,Зап.код
2200226,Западинці
2004900,Западная Двина
2045760,Западная Площадка
2100862,Западное
2038056,Западный Портал
2002954,Западный Пост
2058750,Западный-Новый
2038227,Запань
2044873,Запас Код
2010104,Синдор
2004254,Синево
2040464,Синеглазово
2068529,Синегорск
2011416,Синегорская
2210940,Синельникове 2
2210920,Синельникове-1
2021072,Синицино
2014093,Синицыно
2061648,Синтек
2218092,Сихів
2218445,Букачівці
2050502,Букачача
2204169,Букине
2204637,Буклівське
2300588,Буковець
2000304,Букреевка
2218263,Глибока-Буковинська
2065247,Деличубан
2700717,Дельбегетей
2054051,Дельбичинда
2020928,Дельта
2054804,Делюр
2218219,Делятин
2204563,Лазірки
2000179,Лазарево
2064030,Лазаревская
2004426,Лазари
2400367,Лазденай
2218214,Лазещина
2000158,Лазинка
2034479,Лазо
2100690,Лазовики
2005404,Лазоревка
2218403,Ясинів Полон
2214034,Ясинувата
2214010,Ясинувата Пас.
2214037,Ясинувата-Гірка
2218213,Ясиня
2060731,Квака
2800364,Квалони
2061496,Кварса
2038754,Кварцит
2204476,Кварцовий
2218212,Кваси
2218415,Квасилів
2800780,Квахврели
2214248,Квашине
22206,Квашино Кордон
2218270,Рахів
2900749,Рахимова
2218277,Рахиня
2001943,Рахманово
2200258,Рахни
2600890,Рахумяэ
2005136,Рахья
2214139,Мар'ївка
2204821,Мар'їне
2208141,Мар'янівка
2200056,Мар'янівка
2200429,Мар'янівська
2214400,Маріуполь
2055837,Мара
2060473,Марадыковский
2708994,Маралды
5800524,Маралик
2204596,Рокитна
2200146,Рокитне
2218280,Рокитне-Вол.
2400389,Рокишкис
2218937,Рокосово
2210840,Рокувата
2010827,Рокша
2218357,Кровинка
2500789,Крогземьи
2038763,Крол
2200020,Кролевець
2001758,Кромская
2014707,Кромщино
2001847,Кромы
2005281,Кронштадтская Колония
2040580,Кропачево
2204629,Кропивна
2020896,Плес
2010032,Плесецкая
2200100,Плесна
2005343,Плесозеро
2100422,Плесы
2208401,Плетений Ташлик
2000751,Плетнево
2001303,Плетни
2100542,Плетяничи
2000196,Плеханово
2208360,Помічна
2060604,Помары
2000764,Помельница
2004144,Померанье
2024922,Поминаевка
2100522,Помислище
2218222,Помонята
2044160,Помурино
2064593,Первомайская
2208443,Врадіївка
2210969,Балівка
2000695,Балабаново
2210240,Балабине
2054850,Балага
2029002,Балагачево
5700714,Баладжары
2031439,Балаир
2038209,Балай
2010235,Балакирево
2204467,Балаклія
2208334,Обхідна
2060029,Обход
2204207,Комарівка
2201261,Комарівці
2004206,Комариха
2030098,Комарихинская
2000826,Комаричи
2218109,Комарне
2044038,Комаровка
2038319,Комаровка
2100707,Комаровка*
2005340,Комарово
2219095,Ківерці
2218060,Луцьк
2708055,Ост.пункт 117 Км
2004951,Ост.пункт 123 Км
2029057,Ост.пункт 123 Км
2029028,Ост.пункт 126 Км
2043660,Ост.пункт 131 Км
2045740,Ост.пункт 142 Км
2301568,Ост.пункт 154 Км
2044884,Ост.пункт 162 Км
2004773,Ост.пункт 168 Км *
2044995,Ост.пункт 172 Км
2068522,Томари
2014433,Томаровка
2218036,Томашгород
2214076,Томашевський Рзд
2201214,Томилівка
2001260,Томилино
2040418,Томино
2004329,Томицы
2050477,Томичи
2018010,Томмот
2218053,Клевань
2021040,Клевенка
2005462,Клевищенский
2000156,Клекотки
2200189,Клембівка
2000467,Клемово
2100423,Кленки
2004190,Кленна
2060559,Кленовский
2021063,Клены
2040366,Сара
2014339,Сараївка
2030219,Сарагулка
5700768,Сараджаляр
2024652,Сарай-Гир
2044831,Сарайский
2040430,Саракташ
2060553,Саранинский Завод
2024700,Саранск
2024988,Саранск 2
2030494,Антабары
2028015,Антибесский
2050497,Антипиха
2218120,Антонівка
2200217,Антоніни
2100561,Антополь
2101004,Антополь
2214430,Антрацит
2038300,Антропово
2010264,Антропово
2218033,Рафалівка
2060434,Чаркли
2900688,Чартак
2218032,Чарторийськ
2038573,Чартыковский
5700698,Чархи
2038774,Чарыш
2054102,Новая Чара
2038242,Мана
2800857,Манави
2064213,Манас
2500075,Мангали
2030282,Мангут
2054928,Мангутай
2704807,Мангышлак
2054970,Мандрик
2214024,Мандрикине
2014506,Мандрово
2001267,Повадино
2044827,Повалиха
2005010,Поваровка
2004432,Поварово 1
2001090,Поварово 2
2000631,Поварово 3
2014490,Поворино
2042710,Поворот
2054058,Поворот
2054945,Поворот
2204524,Ков'яги
2204892,Ковалівка
2005398,Ковалево
2100283,Ковали
2050449,Ковали
2004972,Коваши *
2004713,Ковда
2004388,Ковдор *
2218020,Ковель-Пас.
2200380,Ковельський Парк
2218043,Овадно
2218062,Сокаль
2218360,Сокирниця
2218461,Сокиряни
22239,Сокиряни-Окниця
2001856,Соковнинка
2068463,Сокол
2300594,Соколени
2218905,Соколики
2044813,Соколинская
2005198,Соколинское *
2024571,Соседка
2064009,Сосика-Ростовская
2204559,Сосинівка
2218256,Сосичне
2218064,Соснівка
2208109,Соснівка
2204745,Соснівка
2024694,Сосна
2100483,Сосница
2005030,Сосновая Поляна
2015019,Бор
2005047,Бор *
2007004,Бор Грива
2204801,Борівська Південна
2000017,Бордавичи
2000608,Борец
2064792,Борец Труда
2218140,Боржава
2214191,Боржиківка
2800435,Боржоми Гр.
2034460,Виневитино
2030261,Винзили
2218170,Виноградів-Зак.
2064036,Виноградная
2214142,Виноградники
2001890,Виноградово
2006005,Виноколы
2031366,Винокурово
2400063,Винчяй
2219115,Хуст
2218350,Хуст Зуп. Пункт
2201161,Бушеве
2004085,Бушевец
2100338,Бушевка
2201207,Бушинка
2218160,Буштине
2010181,Бушуиха
2050414,Бушулей
2218105,Тячів
2048127,Чудиново
2200174,Чуднів-Волинськ.
2054044,Чудничный
2004142,Чудово-Кировское
2004615,Чудово-Московское
2005467,Чудово-Новгородское
2004210,Чудцы
2500381,Добеле
2218138,Добрівляни
2014191,Добрая Воля
2000794,Добрик
2014430,Добринка
2101005,Добрино
2058336,Добрино
2020010,Доброволец
2208503,Добровольський
2000867,Добромино
2214420,Приємний
2064153,Приазовская
2034615,Приамурская
2050129,Приаргунск
2024771,Прибельский
2210727,Прибережне
2201246,Прибитки
2064041,Приближний
2054070,Прибой
2100569,Прибор
2100111,Міхановичі
2300108,Куза-Водэ
2028014,Кузбасс
2028114,Кузедеево
2028026,Кузель
2204407,Куземівка
2004705,Кузема
2030039,Кузино
2014599,Кузиха
2000758,Кузмичевка
2024590,Кузнецк
2004473,Русаново
2004918,Русановская
2100127,Русино
2000254,Русский Брод
2058788,Русское *
2800351,Рустави Груз
2800375,Рустави-Пасс
2004440,Русыня
2218651,Руське Поле
2024756,Нижегородка
2218039,Нижнє Синьовидне
2054107,Нижнеангарск
2030308,Нижневартовск 1
2030653,Нижневартовск 2
2000331,Нижнеграйворонка
2014469,Нижнедевицк
2024793,Нижнекамск
2000072,Нижнемальцево
2030067,Нижнесергинская
2200024,Кошари
2044874,Кошево
2068544,Кошевой
2100929,Кошелево
2030367,Кошелевский
2301594,Кошерница
2064076,Кошехабль
2700738,Кошкентал
2064256,Кошкино
2044919,Кошкуль
2000113,Голдино
2100198,Голевиці
2200194,Голендри
2004033,Голенищево
2034697,Голенки
2004775,Голиковка
2100526,Голинець
2218286,Голинь
2002920,Голицино
2025962,Голицино
2218361,Рожанівка
2100158,Рожанка
2708064,Рождественка
2004438,Рождествено
2015358,Рождество
2208488,Рожене
2218049,Рожище
2204932,Рожнівка
2044022,Рожневский Бор
2218194,Рожнятів
2200242,Гнівань
2218101,Гніздичів
2800440,Сенаки
2054566,Сенаторский
2010135,Сенгос
2011284,Сендега
2005326,Сенеж
2100139,Сенкевичі
2218059,Сенкевичівка
2020791,Сенная
2100120,Сенненская
2034501,Сенокосная *
2064097,Стодеревская
2000885,Стодолише
2200768,Стодульці
2038281,Стойба
2014746,Стойленская
2014858,Стойленская-Парк А
2000999,Столбова
2100123,Столбці
2101152,Столичный
2100590,Столпы
2218199,Отинія
2031357,Лисава
2708918,Лисаковск
2038082,Лисий Бор
2005195,Лисий Нос
2214060,Лисичанськ
2100207,Лисички
2100287,Лиски
2014120,Лиски
2218269,Лисовичі
2208610,Лисогорка
2214113,Рубіжне
2208009,Рубанівка
2204470,Рубанка
2054334,Рубахино
2201295,Рубежівський
2204594,Рублівка
2001970,Рублево
2204807,Рубці
2044810,Рубцовск
2002918,Кредитная
2014387,Крейда
2002088,Крекшино
2214008,Кремінне
2219014,Кременець
2207805,Кременч-Лбк
2204610,Кременчук
2208476,Кремидівка
2000117,Кремлево
2200099,Кремне
2040426,Кисегач
2004517,Киселевичі
2100049,Киселевичи
2005424,Киселевка
2028040,Киселевск Пасс
2060451,Киселиха
2204406,Кислівка
2024046,Кисла
2064050,Кисловодск
2030230,Кислотный
2204514,Куп'єваха
2207804,Куп'янськ Лбк
2204380,Куп'янськ-Вузл.
2204403,Куп'янськ-Півден
2204940,Куп'янськ-Сорт.
2000530,Купавна
2300613,Купарены
2044780,Купино
2400393,Купишкис
2200431,Купище
2001134,Шевлягино
2000051,Шевцово
2214074,Шевченко
2200367,Шевченко
2204423,Шевченкове-Півд.
2061561,Шевырялово
2051439,Шевья
2040508,Чуга
2204426,Чугуїв
2014376,Чугун 1
2014244,Чугун 2
2028122,Чугунаш
2218980,Богданівка-Кам'янка
2030262,Богандинская
2000091,Богатищево
2058449,Богатово
2040344,Богатое
2064932,Богатырево
2028008,Богашево
2201149,Богданівка
2200331,Богданівка
2200265,Богданівці
2204515,Губарівка
2030470,Губаха
2030077,Губаха-Пасс.
2040368,Губерля
2400324,Губерния
2034465,Губерово
2210784,Губиниха
2024890,Губино
2014347,Губкин
2014963,Губкин Пассажирский
2040335,Кир-Завод
2101057,Кираево
2038577,Кирба
2034598,Кирга
2900966,Киргили
2708104,Киргильда
2060005,Киргишаны
2000206,Киреевская
2054048,Киренга
2002091,Киржач
2100007,Смолевичи
2000170,Смоленск Центральный
2001264,Смоленск-Белорусская
2000911,Смоленск-Сорт
2054894,Смоленщина
2040465,Смолино
2201788,Смолка
2011366,Смольный Буян
2100104,Смольяны
2034730,Смоляниново
2000181,Сумароково
5700711,Сумгаит
5700857,Сумгаит Пасс
2004694,Сумеричи
2204450,Суми
2204498,Суми-Тов.
2040479,Сумки
2014431,Сумовская
2004703,Сумский Посад
2014434,Белгород-Сумской
2014277,Пут.пост  383 Км
2014865,Пут.пост 153 Км
2031245,Пут.пост 31 Км
2024940,Пут.пост 473 Км
2208318,Путійська
5700716,Пута
2500121,Путаны
2030477,Путевка
2024678,Путевой
2040759,Путевой Пост 10 Км
2005350,Конаково Грэс
2006356,Конаковский Мох
2014335,Конарево
2064252,Конармейская
2030164,Конда
2061479,Кондаково
2800829,Кондоли
2028123,Кондома
2004334,Кондопога
2040533,Кондратовка-Сибирская
6700261,Бахарден *
2030456,Бахаревка
2004115,Бахарево
2200031,Бахмач-Гомельський
2200030,Бахмач-Пас.
2030251,Бахметское
2214180,Бахмут
2214151,Бахмутівка
2900765,Бахт
2218117,Яблонка
2050364,Яблоновая
2004092,Яблоновка
2025782,Яблочная
2068513,Яблочная
2201785,Яблунець
2204618,Яблучне
2218518,Ягодин
2025773,Ягодная
2038120,Ягодная
2024559,Ягодное
2038144,Ягодное
2054917,Ягодный
2050140,Ягодный
2200059,Яготин
2044851,Яготинская
2204550,Гребінка
2218879,Гребенів
2100262,Гребенево
2068475,Гребенская
2800378,Гребешок
2005109,Греблово
2000852,Гредякино
2200074,Грезля
2208509,Грейгове
2210783,Грекувата
2215376,Луб'янка
2204560,Лубни
2201042,Романків
2218460,Романківці
2100424,Романовичи
2005293,Романовка
2014734,Романовка
2035642,Романовка
2001387,Романовские Дачи
2100838,Романовщина
2038048,Романтика
2100768,Романы
2040386,Гогіно
2204567,Гоголеве
2204571,Сагайдак
2800618,Сагареджо
2704987,Сагарчин
2704803,Сагиз
2707891,Сагиз-Зб
5700755,Сагири
2030462,Сагра
2014547,Сагуни
2204573,Решетилівка
2060111,Решетиха
2004452,Решетниково
2030466,Решеты
2038235,Решоты
2218011,Решуцьк
2200805,Вирішальний
2024837,Заводская Решетка
2218400,Рівне
2208415,Куцівка
2028808,Каз
2000251,Казаки
2300110,Казаклия
2020792,Казаковка
2707668,Казал-Адм
2704910,Казалинск
2709941,Казанбаси
2024084,Казангул
2208502,Казанка
2054008,Казанкан
2208507,Явкине
2218003,Удрицьк
2024088,Удряк
2101002,Видибір
2054781,Видим
2218224,Видинів
2004686,Видлица
2200009,Видубичі
2200360,Видубичі-Трипільські
2400330,Видукле
2100291,Лунінець
2900122,Луначарского
2004218,Лунгачи
2060493,Лунданка
2004055,Лунево
2024542,Лунино
2010283,Лунка
2010096,Луньвож
2300545,Кирпет-Лунга
2300614,Чадыр-Лунга
2204607,Ганівка
2054562,Ганзурино
2038730,Ганина Гарь
2208064,Ганнівка
2200799,Ганнусине
2800377,Гантиади
2100220,Ганцевичі
2041588,Ганькино
2707890,Ганюшк-Зб
2704791,Ганюшкино
2050122,Рейново
2100264,Рейтанів
2061432,Рейтарский
2100133,Ляховичі
2100878,Ляховщина
2200247,Бар
2031510,Барабаново
2044690,Барабинск
2208467,Барабой
2044944,Барабушка
2100032,Баравуха
2708095,Баранкульский
2200292,Баранне
2204914,Баранове
2100241,Барановичі-Півн.
2064170,Мінеральні Води
2210678,Мінеральна
2100004,Мінськ-Півд.
2100001,Мінськ-Пас.
2800726,Осиаури
2208137,Осикувата
2204030,Осинівка
2060455,Осинки
2028109,Осинники Пасс
2060031,Осиновая Гора
2044878,Осиновая Дубрава
2204913,Осинове
2054069,Осиновка
2005181,Осиновка
2210875,Єлізаветівка
2100073,Єлізово
2218057,Несвіч-Волинський
2064722,Несветай
2100076,Несета
2064776,Нескучный
2200741,Нестерівці
2058434,Нестеров
20242,Нестеров-Кибартай Гран
2101032,Нестеровичи
2048060,Могды
2050341,Могзон
2100150,Могилів 1
2100298,Могилів 2
2200280,Могилів-Подільський
2201153,Могилівка
2100819,Могилев 3
2065260,Могилевск
2061431,Могилицы
2200185,Могиляни
2200426,Пустовіти
2218485,Пустомити
2004512,Пустошка
2004943,Пустынька
2001142,Зосимова Пустынь
2000929,Новая Пустынь
2000342,Тихон. Пустинь
2218089,Тухля
2204884,Глибне
2064568,Глибока
2218143,Глибочек-Вел.
2000868,Глинка
2218656,Глинна Наварія
2218327,Глинськ
2208419,Глиняна
2201225,Глинянка
2031477,Белая Глина
2204816,Бесідівщина
2218959,Бескид
2700755,Бесколь
2001240,Бескудниково
2064025,Беслан
2204471,Беспалівка
2064366,Бессергеновка
2024545,Бессоновка
2704989,Бестамак
2900214,Бестобе
2004691,Ладва
2500681,Ладе
2208427,Ладижин
2064206,Ладожская
2005290,Ладожское Озеро
2058910,Ладушкин
2010303,Ладыгино
2004006,Спб Ладожский
2208425,Зятківці
2065268,Кубанец
2208057,Кубанка
2064018,Кубанська
2064812,Кубань
2704991,Кубек
2064065,Куберле
2000082,Кубинка 1
2000316,Кубинка 2
2208424,Кублич
2060606,Кубня
2030061,Хризолитовый
2001236,Хрипань
2214108,Хрипкове
2218197,Хриплин
2208370,Христинівка
2068456,Христофоровка
2061621,Христофорово
2200756,Потіївка
2064810,Потаенный
2050144,Потайка
2040472,Потанино
2200104,Потаповичі
2100337,Потаповка
2208376,Поташ
2044839,Потеряевский
2800610,Поти
2800361,Поти-Порт
2204480,Талалаївка
2048589,Таланджа
2704943,Талап
2044699,Талапкер
2700851,Талас
2050333,Талдан
2000020,Талдом-Савеловский
2024653,Талды-Булак
2700108,Талды-Курган
2700076,Талдыкудук
2014467,Звегинцево
2024608,Звезда
2100528,Звезда
2045764,Звездная
2054045,Звездная
2100313,Звездный
2500880,Звейниекциемс
2000725,Звенигород
2208379,Звенигородка
2034635,Звеньевой
2020798,Багаевка
2044725,Баган
2900738,Багат
2208369,Багачеве
2210737,Багерове
5900245,Багиш
2200365,Баглаї
2400359,Баготойи
5800714,Баграван
2058905,Багратионовск
2208367,Шпола
2201166,Хутір Гай
2201178,Хутір Халимонове
2200010,Хутір-Михайлівський
2024580,Хутор
2064406,Хуторская
2200427,Хуторянка
2031193,Хуторята
2035594,Хуту
2064557,Хутуны Рзд
20222,Кр.хутор-Каз.лопань Гр
2030576,Сузгун
2000808,Суземка
2044980,Сузун
2024679,Бряндино
2001342,Брянск-Восточный
2000420,Брянськ-Льговский
2000160,Брянськ-Орловськ
2003955,Брянськ-Півд.
2000408,Брянськ-Півн.
2005451,Брянцево
2004535,Брянчаниново
2000839,Вязьма-Брянская
2210670,Мелітополь
2800466,Мелаани
2200738,Мелені
2061582,Меленки
2010048,Мелентьевский
2024772,Мелеуз
2000322,Мелехино
2064553,Мелиоративный Рзд
2004013,Мелихово
2500245,Мелли
2100568,Якимівка
2210675,Якимівка
2204814,Парасковіївка
2061525,Паратск
2100503,Парафьянов
2005455,Парголово
2900150,Паргос
2200055,Париж. Ком.
2208499,Паризька
2600218,Парила
2034039,Парк Гагарина
2068589,Парк Гагарина
2024627,Молвино
2048035,Молдавский
2800428,Молити
2214373,Молодість
2024142,Молодежная
2031180,Молодежная
2005124,Молодежная
2000806,Молодежная
2020142,Молодежная
2100913,Молодежный
2214485,Рудаєве
2100756,Рудавка
2218827,Руданьці
2500285,Рудбаржи
2100671,Руденськ
2100822,Рудея
2401419,Рудишкес
2218304,Рудка
2218111,Рудки
2218161,Рудне
2100908,Журавинка
2100890,Журавинка*
2014555,Журавка
2200256,Журавлівка
2038244,Журавлево
2050496,Журавли
2044722,Журавлиный
2031345,Журавлиха
2038100,Журавлиха
2219003,Журавно
5100013,Хелм
2004267,Хелюля
2200176,Печанівка
2010167,Печаткино
2004408,Печенга *
2100688,Печинский
2010240,Печора
20263,Печоры Псков-Пиуза Гр.
20262,Печоры Псков.-Орава
2004533,Печоры Псковские
2024919,Рзд.печерский Берег
2010369,Троицко-Печорск
2038030,Первомайская
2218052,Цумань
2100826,Кобелки*
2204609,Кобеляки
5800504,Кобер
2020020,Кобзаревский
2200023,Кобижча
2010202,Кобостово
2005096,Кобралово
2100183,Кобрин
2800380,Кобулети
2300565,Кобыльня
2200446,Ліщин
2204611,Ліщинівка
2034624,Хор
2704907,Хор-Хут
2001408,Хорлово
2060727,Хорнвары
2200244,Хоробичі
21223,Хоробичі Кордон
2048087,Хорогочи
2204589,Хорол
2034679,Хорольск
2218183,Хоросниця
2700815,Копа
2200249,Копай
2030214,Копалуха
2700728,Копан-Булак
2208539,Копані
2014516,Копанище
2100605,Копань
2030075,Копи
2204952,Копили
2200363,Копистин
2005262,Тованд
2000133,Товарково
2100924,Товарный Двор
2218497,Товмачик
2218179,Товсте
2800800,Батуми-Товарная
2001095,Бирюлево Тов.
2030478,Екатеринбург-Товарный
2010344,Карпогоры Товарные
2001842,Кашира Товарная
2200718,Залізничний
2204989,Залізняк
2201183,Залізобетон.
2200378,Залісся
2208048,Залісся
2218220,Заліщики
2054315,Залари
2500134,Залвэзерс
2000242,Залегощь
2031263,Залесная
2218649,Стеблівка
2218028,Стебле
2011328,Стеблево
2204822,Стеблянки
2218450,Стебник
2218351,Стегниківці
2064905,Стеклозавод
2054973,Стеклозавод
2004151,Стекольный
2065232,Стекольный Завод
2218242,Гвіздець
2208580,Ізмаїл
2218359,Котівка
2014353,Котел
2020860,Котельниково
2060450,Котельнич 1
2060443,Котельнич 2
2054317,Котик
2034476,Котиково
2208497,Котлабух
2010160,Котлас Южный
2011229,Котлас-Северный
2208496,Дзинілор
2500020,Дзинтари
2800425,Дзирула
2800806,Цихис-Дзири
2208494,Главані
2031211,Гладилово
2034739,Гладкий
2005178,Гладкий Лог
2004136,Глажево
2010022,Глазаниха
2060530,Глазов
2000231,Глазунівка
2214175,Глафірівка
5700721,Алят-Главная
2208490,Арциз
2208477,Куліндорове
2204862,Кулагівка
2700819,Кулакшино
2705790,Кулама
2700803,Кулан-Тобе
2060607,Куланга
2020938,Кулатка
2210230,Кулебівка
2208491,Кулевча
2050013,Кулендекен
5700846,Ташарх *
2040675,Ташбулатово
2209382,Ташбунар
2900851,Ташгузар
2038253,Ташеба
2900001,Ташкент Пасс Центр.
2900002,Ташкент Южный
2903801,Ташкент-Бз
2903802,Ташкент-Одб
2903800,Ташкент-Пред
2208495,Аліяга
2218093,Давидів
2024659,Давлеканово
2208493,Давлет-Агач
2014502,Давыдовка
2000536,Давыдово
2209493,Гнаденталь
2038218,Кан 2
2041666,Канісай
2024804,Канадей
2024966,Канаевка
2025901,Канал
2001306,Каналстрой
2020841,Канальная
2208111,Канатове
2060630,Канаш
2501108,Кангари
2010237,Шабалино
2064281,Шаблиевская
2030278,Шаблыкино
2208487,Шабо
5700701,Шабран
2031369,Шабровская
2030450,Шабуничи
2208482,Ксенієве
2210205,Ксеніївка Оп
2050339,Ксеньевская
2204760,Міст
2208054,Містечко
2218244,Городенка-Місто
2218174,Княжий Міст
2200433,Тепениця
2214156,Теплівський
2030091,Теплая Гора
2064757,Теплая Речка
2208053,Теплиця
2054244,Тепличная
2004744,Теплобетонная
2054245,Тепловая
2064499,Тепловодный
2068526,Тепловодская
2054883,Южная
2020397,Южная
2038582,Южная Тунгуска
2068489,Южная Хандаса
2068400,Южно-Сахалинск
2068460,Южно-Сахалинск Грузов
2034516,Южнореченск
2208092,Южноукраїнська
2040777,Южноуральск
2038116,Южный
2068485,Возвращение
2034698,Воздвиженский
2005315,Воздух-Парк
2050482,Возжаевка
2000301,Вози
2201271,Возлякове
2020935,Вознесенский
2208420,Вознесенськ
2020943,Возрождение
2005395,Возрождение *
2030221,Таваложка
2030049,Таватуй
2030170,Тавда
2214269,Тавла
2031313,Таволги
2014735,Таволжанка
2210785,Таврійськ
2034705,Тавричанка
2065558,Таврический
2024744,Тавтиманово
2210713,Плодородна
2000909,Плоская
2044848,Плотава
2044749,Плотинная
2028051,Плотниково
2004525,Плотовець
2015381,Плоты
2500296,Плоце
2028971,Площадка
2040589,Площадка
2208528,Сірогози
2218075,Вадул-Сірет
2200243,Браїлів
2500111,Бракшки
2218324,Брани
2210843,Бранне Поле
2010322,Брантовка
2500055,Браса
2000823,Брасово
2204572,Братешки
2219009,Братківці
2214417,Братки
5700778,Кахи
2208532,Каховка
2210631,Каховське Море
2301588,Кахул
2204999,Велика Кахнівка
2208514,Ясна Зоря
2000176,Ясна Поляна
2038083,Ясная
2050381,Ясная
2038057,Ясная Поляна
2050527,Ясногорск
2001003,Ясногорськ
2068503,Ясноморский
2208336,Драбове-Барятин.
2044676,Драгунская
2800389,Дранда
2100596,Дрануха
2002971,Драчево
2218331,Драчино
2201789,Паліївка
2000357,Паліки
2064234,Палагиада
2208061,Паланка-1
2208073,Паланка-2
2014508,Палатівка
2600765,Палдиски
2068491,Палево
2010110,Паленьга
2030663,Палкино
2061618,Золино
2500801,Золитуде
2214228,Золоті Пруди
2000591,Золотаревка
2000239,Золотарево
2048022,Золотинка
2004074,Золотково
2060382,Золотковский
2208345,Капітанівка
2004772,Капеасалми
2020766,Капелли
2060120,Капиданцы
2028807,Капитальная
2004419,Капитолово
2020019,Капкинский
2100546,Каплица
2005274,Капраево *
2045838,Капралово
2208349,Адабаш
2020748,Ададурово
2038879,Ададым
2210937,Адамівське
2100480,Адамово
2200221,Адампіль
2034451,Адарка
2100614,Людиневичи
2000410,Людиново 1
2000388,Людиново 2
2208405,Людмилівка
2064071,Кавалерский
2005310,Кавголово
2031445,Кавдык
2050415,Кавекта
2064739,Кавказ Граница
2064160,Кавказська
2800452,Кавтисхеви
2208406,Кавуни
2214178,Урало-Кавказька
2014743,Три Острова
2001840,Трикотажная
2208407,Трикратне
2201181,Триліси
2200149,Трипілля-Дніпр.
2201217,Трительники
2208513,Трихати
2401388,Тришкяй
2031354,Большая Трифоновка
2038344,Веселая
2025783,Веселая Роща
2061411,Веселей
2208458,Веселий Кут
2204591,Веселий Поділ
2208396,Веселинове
2200472,Веселка
2058351,Веселовка
2100328,Веселовский
2064094,Веселое
2300590,Бендер 1
2300597,Бендер-2
2500144,Бене
2024214,Бензин
2100268,Бениславского
2100232,Беняконе *
24212,Шальчин-Беняконе Гран
2500240,Тирайне
2300610,Тираспіль
2500252,Тирза
2024052,Тирис
2300555,Тирнове
2200063,Кучакове
2209494,Кучерівка
2038594,Кучеткан
2001190,Кучино
2100478,Кучкуны
2900215,Кучлук
2044849,Кучук
2208304,Кучурган
22231,Кучурган Кордон
2024625,Кучуры
2060514,Лоза
2200423,Лози
2020034,Лозиновский
2038372,Лозичная
2100294,Лозки
2204430,Лозова
2204710,Лозовенька
2004051,Лозовиці
2034710,Лозовый
2709835,Пав Шелкпуть
2000119,Павелец-Сызранский
2000118,Павелец-Тульский
2401431,Павильнис
2044983,Павино
2218490,Павлівка
2208068,Павлинка
2000874,Павлиново
2208385,Павлиш
2100566,Павловичи
2100185,Пуховичі
2014544,Пухово
2030560,Бобки
2061409,Бобоедово
2800843,Бобоквати
2100012,Бобр
2100744,Бобра
2201235,Бобрик
2000260,Бобрик Донской
2208132,Бобринець
2100650,Бобрич
2014522,Бобров
2100408,Жлобин Північний
2100798,Жлобин Сортувальний
2100080,Жлобин-Пас.
2100533,Жлобин-Подольський
2200408,Жлобинський
2100854,Гомель Непарний
2101021,Гомель-Півн.
2100417,Гомель-Пар.
2100100,Гомель-Пас.
2800443,Гоми
2100799,Гомоновка
2218430,Хлібичин
2204936,Хлібна
2214278,Хлібодарівка
2014511,Хлівище
2214279,Зачатівська
2210671,Зачепилівка
2204808,Сухіни
2034506,Сухановка
2024554,Сухарево
2210827,Сухачівка
2204583,Сухий
2208615,Сухий Лиман
2000360,Сухиничі-Вузл.
2000370,Сухиничі-Головні
2060458,Сухобезводное
2218168,Суховоля
2014440,Жердевка
2201129,Жердова
2100227,Жердь
2208447,Жеребкове
2100535,Жеребковичи
2044041,Жеребцово
2038766,Жерлык
2020775,Жерновка
2208421,Бандурка
2034699,Баневурово
2218266,Банилів
2031257,Банная Гора
2214049,Бантишеве
2204927,Панасівка
2060492,Панасюк
2004469,Паникля
2000441,Паниковка
2004498,Панино
2054873,Паниха
2020799,Паницкая
2001390,Панки
2031483,Панкит
2044745,Панкрушиха
2208386,Лікарівка
2204641,Лікарське
2218480,Солотвино-Лікар.
2204558,Грабарівка
2100919,Грабовка
2024544,Грабово
2030678,Гравийный
2200704,Града
2001410,Гражданская
2204492,Гражданський
22204,Граківка-Шалаєво Корд.
2800448,Гракали
2204424,Гракове
2204708,Шведська Могила
2400422,Швянченеляй
2204925,Рогівка
2004122,Рогавка
2204156,Рогань
2064247,Рогатая Балка
2218487,Рогатин
2100290,Рогачєв
2064397,Рогачевский
2204490,Рогинці
2004201,Роговицы
2014395,Роговое
2100060,Бихов
2401418,Шклеряй
2218385,Шкло-Старжиська
2100225,Шклов
2100171,Орша-Восточная
2100303,Орша-Зах.
2100170,Орша-Центр.
2100050,Вітебськ Пас.
2208101,Вітрове
2215276,Слов'янськ-Вітка
2004003,Санкт-Петербург-Вітеб.
2005148,Невдубстрой
2004503,Невель 1
2004550,Невель-2
2068501,Невельск
2054756,Невельская
2010811,Неверово
2700672,Неверовская
2400345,Неверонис
2000980,Невзорово
2030105,Невидимка
2006244,Лок.депо
2000291,Локинская
2004522,Локня
2003809,Локомзавод
2041748,Локомотивная
2020378,Локомотивная
2044176,Локомотивная
2026050,Локомотивная
2040595,Локомотивная-2
2038387,Локомотивное Депо
2004570,Дно
2030134,Сан-Донато
5800519,Санаин
2005450,Санатория
2024094,Санаторная
2035697,Санаторная
2001322,Санаторная
2054923,Санаторный
2034658,Санболи
2600180,Сангасте
5700718,Сангачалы
2208393,Яковлівка
2038455,Яковлевка
2000542,Яковская
2100792,Яковчицы
2064093,Якорная Щель
2204706,Яківці
2200390,Чапаєвка
2209501,Чапаївка
2001146,Чапаевка
2064621,Чапаевка Ростовская
2024609,Чапаевск
2031438,Чапаевская
2210930,Чаплине
2014344,Чаплыжное
2020839,Чапурники
2020922,Чапчачи
2038583,Поканаевка
2031464,Покачевский
2204216,Покотилівка
2001038,Покров
2030422,Покровка
2204705,Покровка
2000932,Покровка
2038011,Покровка
2005320,Покровка
2021064,Покровка
2200760,Світин
2214119,Світланове
2204791,Світличний
2204601,Світловодськ
2100217,Світлогорск-На-Березин
2210711,Світлодолинськ
2100231,Світоч
2218288,Свіча
2200753,Пиріжківський
2208611,Пиріжна
2004970,Пираги
2040478,Пирит
2300583,Пирлиця
2038724,Пировская
2200019,Пирогівка
2205614,Пирогова
2001114,Пирогово
2200014,Пиротчине
2204549,Ічня
6700834,Зергер
2300632,Зернешты
2708110,Зерновая
2200810,Зернове
20221,Зернове Кордон
2064254,Зерноград
2038303,Зерносовхоз
2038720,Зерцалы
20278,Зауралье-Зерновая
2024576,Воденяпино
2024505,Воденяпинский
2024888,Водинская
2208446,Водник (Рзд. 44Км)
2001340,Водники
2028545,Водный
2004629,Водогон
2028804,Водоканальная
2065257,Водокачка
2204475,Водолага
2064107,Кочалай
2064481,Кочеванчик
2020026,Кочевая
2044771,Коченево
2010801,Коченятино
2038062,Кочергино
2060701,Кочетло
2014416,Кочетовка 1
2014062,Кочетовка 2
2014231,Кочетовка 3
2201152,Крюківщина
2006200,Крюково
2005004,Крючково
2038018,Крючково
2028036,Сахалинка
2001086,Саханская
2011268,Сахареж
2208411,Сахарна
2060655,Сахарный Завод
2100629,Сахарный Завод
2065173,Сахарный Завод
2065204,Сахарный Завод 78 Км
2024758,Сахарозаводский
2200368,Сахкамінь
2004084,Медведево
2020747,Медведица
2100500,Медведка
2024536,Медведовка
2054837,Медведчиково
2300236,Медвежа
23227,Медвежа Гр
2054921,Медвежий
2038313,Медвежий
2004692,Медвежья Гора
2700722,Шар
2208413,Шарівка
2100642,Шарабаи
2002079,Шарапова Охота
2708995,Шарбакты
2038219,Шарбыш
2065155,Шарданово
2020381,Шарикоподшипник
2900222,Шарислан
2900774,Шарк
2208414,Чабанівка
2048101,Чабыгда
2010101,Тиманский
2024641,Тимашево
2064280,Тимашевская
2100160,Тимирязев0
2003965,Тимирязевская
2208744,Тимкове
2100676,Тимковичи
2054560,Тимлюй
2010342,Тимме
2038733,Тимонино
2064605,Лиха
2100429,Лихачи *
2204472,Лихачове
2800431,Лихи
2004454,Лихославль
2218316,Лихучени
2001124,Тула-Лихвинская
2014370,Бєлгород
2204533,Курінь
2201259,Курава
2700843,Курагаты
2038248,Курагино
2704841,Курайлы
2000229,Куракино
2900108,Куралы
2040428,Курамино
2018006,Куранах
2101056,Курасовщина
2004641,Оредеж
2000140,Орел
2040210,Оренбург
2041633,Оренбург-Східний
2200135,Орепи
2054929,Ореховая Падь
2000736,Ореховка
2004247,Орехово
2034489,Орехово Приморское
2000912,Орехово-Зуево
2000880,Тула 1 Курская
2000084,Тула 2
2000173,Тула-Вяземская
2038161,Тулат
2004114,Тулебля
2014493,Тулиново
2038288,Тулиха
2004311,Тулокса
2004916,Тулома
2005353,Проба
2000582,Пробуждение
2034495,Провалово *
2050518,Прогресс
2065123,Прогресс
2028084,Проектная
2024543,Проказна
2204421,Прокопівка
2028090,Прокопьевск Пасс
2015387,Прокуророво
2500491,Межайне
2500106,Межаре
2500358,Межвиди
2010038,Междудворье
2028070,Междуреченск
2058438,Междуречье
2005022,Межево
2010113,Межег
2028011,Межениновка
2210119,Межеричі
2064253,Кагальник
2204013,Кагамликська
2200291,Кагарлик
2214073,Сіль
2218912,Сіль
2214068,Сіверськ
2200792,Новгород-Сіверський
2204420,Ізюм
2204465,Зміїв
2000228,Зміївка
2201215,Троєщина
2020131,Троїцький
2050485,Троебратка
2014402,Троекурово
2024006,Троиицкое
2040520,Троицк
2040257,Троицк-Грэс
2001186,Троицкая
2035636,Троицкий
2004205,Нелазское
2004480,Нелидово
2600208,Нелиярве
2210699,Нельгівка
2010256,Нельша
2204489,Орілька
2210832,Оріхівська
2200290,Мена
2034654,Менгон
2030005,Менделеево
2024819,Менделеевск
2041663,Меновий Двір
2500842,Мента
2214513,Менчугове
2060512,Меньил
2100916,Менютево
2004842,Новгород Пост /менделеевская/
2218346,Сновидовичі
2200274,Сновськ
2200764,Сновь
2000549,Снопоть
2204067,Півд_Епд
2204630,Південний
2204050,Південний Парк
2214266,Південнодонбаська
2201260,Півні
2200049,Носівка
2100315,Носилово
2100344,Носовичи
2034622,Кругликово
2100132,Круглица
2014866,Круглое
2024715,Круглое Поле
2045844,Круглый
2100213,Круговец
2218446,Кругулець
2100285,Крулевщизна
2014517,Крупенніково
2002006,Крупец
2065156,Плиево
2400019,Пликоряй
2201051,Плисків
2200035,Плиски
2005259,Плитняки
2040367,Халілово
2050443,Халан
2014887,Халатово
5700772,Халафли *
5700847,Халач *
2101017,Халечино
2200029,Халимонове
6700851,Халкабат
2034677,Халкидон
2048077,Хальгасо
2050514,Кука
2001356,Кукаринская
2500105,Кукас
2031206,Кукетский
2004605,Куклино
2060626,Кукмор
2201137,Куколка
2005435,Куколь
2401454,Кукорай
2400046,Куктишкес
2004962,Шоссейная
2208398,Шостаківка
2200016,Шостка
2000737,Шостье
2020107,Красноармейское Шоссе
2021024,Московское Шоссе
2038156,Северное Шоссе
2005212,Бухаловский Переезд
2900800,Бухара 1
2900308,Бухара 2
2000716,Бухарово
2101314,Бухличи
2000031,Бухолово
2051455,Бухта
2700691,Бухтарма
2218554,Мизове
2210776,Бузівка
2020926,Бузанский
2900109,Бузаубай
2900853,Бузахур
2024731,Буздяк
2064674,Бузинка
2050472,Бузули
2040360,Бузулук
2038126,Бузюк
2400451,Римкай
2020889,Римско-Корсаковка
2000409,Фокино
2300593,Мерени
2028085,Мереть
2204447,Мерефа
2064363,Мержаново
2054379,Мерзлотная
2800371,Мериа
5900893,Мерке
2030679,Меркитасиха
2000469,Меркучево
2214298,Мерцалів
2800417,Аджамети
2043667,Аджатар
2900302,Аджибугут
2704883,Бакай
2040442,Бакал
2064179,Баканская
2054121,Баканы
2011173,Бакарица
2004528,Бакач
2020658,Бакинская
2204509,Бакирівка
5700910,Бакиханов
2010187,Бакланка
2004676,Паша
2054774,Пашенный
2045744,Пашино
2030086,Пашия
2204579,Пашківка
2024210,Пашково
2065147,Пашковская
2201023,Пашуки
2004555,Дор
2218617,Дора
5700824,Дорашам *
2034626,Дормидонтовка
2044794,Дорогино
2000659,Дорогобуж
2064611,Дороговский
2064395,Дорожков
2005303,Доронинская
2001002,Дорохово
2218499,Вікно
2209419,Вікторівка
2200238,Вікторія
2024502,Вад
2500303,Вадаксте
2208546,Вадим
2000464,Вадино
2060422,Вадок
22001,Гудово-Крупец Граница
2060684,Кр Охота
2218294,Тисівці
2038176,Тисин
2218308,Тисменичани
2038132,Тисуль
2030092,Усть-Тискос
2700711,Чаган
2704875,Чагар
2708871,Чаглинка
2060439,Чаглово
2004659,Чагода
2218291,Чагор
2025957,Чагра
2048089,Ларба
2218452,Ларга
22238,Ларга-Вартиківці
2800434,Лареби
2214226,Ларине
2044755,Ларичиха
2100214,Ларищево
2200232,Дунаївці
2034469,Дунай
2005265,Дунай
2010345,Дунайка
2900110,Дунгулюк
2500325,Дундури
2005457,Дуневка
2500176,Седа
2034500,Седанка
2030638,Седельниково
2050374,Седловой
2208138,Седнівка
2100630,Седча
2010091,Седьвож
2038322,Лукашевич
2000308,Лукашевка
2061515,Лукино
2001903,Лукино
2011257,Лукино
2011170,Луковецкий
2065140,Луковский
2200309,Лукошко
2060412,Лукоянов
2100242,Лукске
2218100,Свидовець
2204532,Свинківка
2014251,Свинцовка
2800418,Свири
2025810,Свирино
2004679,Свирь
2100045,Свислочь
2000861,Свищево
2034499,Свиягино
2060587,Свияжск
2004091,Травково
2201182,Травнева
2204186,Травневий
2031292,Травяны
2400065,Тракай
2060566,Траки
2010106,Тракт
2055870,Трактовый
2060052,Трактовый-Арзамасский
2020660,Тракторная
6700273,Бабадурмаз  *
2004710,Бабаево
2201189,Бабаківка
2028992,Бабанаково
2205642,Бабариківська
2015363,Бабарыкино
2708899,Бабатай
2707707,Бабатай-Ата
2707602,Бабатай-Бж
2064111,Бабаюрт
2001391,Грудинино
2400017,Гружейкяй
2044765,Груздевка
2031191,Грузди
2201266,Грузевиця
2004245,Грузино
2054085,Грузовой Двор
2200028,Грузьке
2015364,Грунин Воргол
2900675,Грунчмазар
2900357,Зафаробод
2202262,Зафатівка
2201274,В'язове
2600202,Вягева
2005456,Вяжище
2024564,Вяжли
2004529,Вяз'є
2034610,Вяземская
2060360,Вязники
2040570,Вязовая
2020796,Вязовка
2064594,Вязовый
2201272,Джигаївка
2034467,Джигдаси
2064411,Джигинский
2054749,Джида
2900720,Джизак
2050453,Джиктанда
2700114,Джилга
5900904,Джиль-Арык
2210187,Джимбулук Оп
2011198,Джинтуй
2214204,Лобівські Копальні
2030546,Лобазиха
2024022,Лобановка
2015362,Лобаново
2100735,Лобачи
2030149,Лобва
2044845,Лобзоватый
2030522,Лобик
2400441,Лобиняй
2200407,Лобківка
2200470,Вишгород
2218241,Вишгородок
2201170,Вишгородська
2500130,Вишки
2210779,Вишнівецьке
2707603,Вишнев-Бж
2021062,Вишневая
2025780,Вишневая
2200006,Вишневе
2200364,Вишневий Сад
2218839,Бояни
2100581,Бояри
2000112,Бояринцево
2200140,Боярка
2004378,Боярская
2054863,Боярский
2204562,Боярський
2201173,Село Кам'янка
2700689,Селезневка
2054783,Селезнево
2014426,Селезни
2204990,Селекційна
2708117,Селекционная
2064505,Селекционная
2301583,Селемет
2054765,Селенга
2054748,Селендума
2020947,Яриженська
2030016,Ярино
2201131,Яришівка
2200241,Тюшки
2100162,Поречаны
2068476,Поречье
2100430,Поречье *
2038384,Порог
2004785,Пороги
2068482,Поронайск
2044669,Порос
2004287,Поросозеро
2064263,Порошинская
2100502,Порплище
2200165,Десенка
2034523,Десна Рзд.
2048116,Десс
2064554,Сал Рзд
2004198,Сала
2024790,Салават
2045871,Салаирская
2040405,Саламат
2038741,Саланга
2900732,Салар
2500457,Саласпилс
2100910,Салатье
5700727,Салахлы
2200195,Гулівці
2500348,Гулбене
2900850,Гулистан
2900694,Гульбах
2900237,Гульбахор
2064225,Гулькевичі
2201787,Гульськ
2060678,Гуляево
2210935,Гуляйполе
2024624,Красный Гуляй
2200152,Брівки
2201241,Сорочий Брід
2214508,Софіно-Брідська
2200151,Попільня
2214220,Попасна
2214131,Попасна 2
2208435,Попелюхи
2208114,Попелюхи
2031288,Поперечный
2004087,Поплавенец
2218375,Поплави
2210301,Попове
2004150,Поповка
2044708,Кожанбай
2200142,Кожанка
2010079,Кожва 1
2061443,Кожевенное
2060505,Кожиль
2044763,Кожурла
2200342,Кожухівка
2010075,Кожым
2065178,Фабрика Кожизделий
2004293,Мотко
2044017,Мотково
2200141,Мотовилівка
2031170,Мотовилиха
2014512,Мотома
2210003,Мотор
2214318,Моторний
2100861,Мотыкалы Большие
2100710,Мотыкалы*
2030459,Мотыли
2204193,Васищеве Роз'їзд
2060142,Васевка
2100245,Василевичі
2000834,Василисино
2061423,Васильево
2064567,Васильево-Петровская
2064578,Васильевский
2005224,Васильевский Мох
2209519,Васильків
2200139,Васильків 1
2201156,Івотка
2200011,Янпіль
2044269,Алтай
2044282,Алтайсельмаш
2044802,Алтайская
2045754,Алтайская Площадка
2020892,Алтата
6700922,Алтин Сахра
2200286,Алтинівка
2024030,Алтуховка
2000813,Алтухово
2704893,Алты-Кудук
2200231,Ярмолинці
2040537,Ярмы
2218326,Пасіка
2200181,Пасічний
2100783,Пасека
2014554,Пасеково
2002312,Пасерково
2004910,Пасма
2060515,Пастухово
2058345,Пастухово-Новое
2218354,Пастуше
2030635,Пастушный
2048036,Улагир
2200223,Уладівка
2034543,Улак
2700008,Улан
2054785,Улан-Удэ Пасс
2064117,Улан-Холл
2054132,Уланмакит
2054656,Уланово
2038309,Улановое
2050403,Холбон
2600724,Холванди
2014357,Холки
2200775,Холмівка
2000811,Холмечі
2004651,Холмище
2010008,Холмогорская
2218621,Холмок
2068511,Холмск
2068500,Холмск-Северный
2200332,Каолінова
2020049,Глубинный
2054861,Глубокая
2051409,Глубокая Падь
2050444,Глубокий
2001229,Глубоково
2100044,Глубокое
2031336,Глубокое
2011302,Глубокое-Новое
2700684,Глубочанка
2500275,Глуда
2208404,Рачівка
2200073,Рача
2024532,Рачейка
2034562,Рачи
2201141,Рачки
2200739,Михайленки
2065611,Михайло-Леонтьевская
2050473,Михайло-Чесноковская
2000099,Михайлов
2001331,Михайлов Рудник
2005296,Михайловка
2044857,Михайловка-Алтайская
2005210,Михайловская
2064510,Михайловская
2030068,Михайловский Завод
2200797,Вакуленчук
2204662,Вакулинці
2061659,Раз 15 Км
2031323,Раз'езд 10 Км
2010405,Раз'езд 1008 Км
2010406,Раз'езд 1014 Км
2010407,Раз'езд 1028 Км
2000997,Раз'езд 103 Км
2010408,Раз'езд 1049 Км
2010409,Раз'езд 1059 Км
2010410,Раз'езд 1064 Км
2010411,Раз'езд 1076 Км
2201143,Понінка
2010244,Поназырево
2035619,Пони
2100791,Понизов
2000268,Понирі
2800509,Поничала
2038357,Пономарево
2005345,Понтонная
2010017,Поньга
2004375,Поньгома
2200179,Хролин
2704705,Хромтау
2004635,Суда
2213802,Судак
2000293,Суджа
2028024,Судженка
2200145,Судилкове
2000359,Судимир
2210958,Судинська Балка
2010287,Судиславль
2208149,Суднобудівників
2218365,Судова Вишня
2201238,Бадівка
2050498,Бада
2038017,Бадаложный
2700875,Бадам
2800471,Бадиаури
2060735,Бадряш
2002915,Пост Завода Бадаева
2100741,Семашки
2204719,Семенів Яр
2200936,Семенівка
2218002,Семенівка
6700933,Семеник
2200473,Семенки
2060456,Семенов
2010236,Семеновский
2000705,Семеновский
2020806,Семеновский
2204486,Кегичівка
2500103,Кегумс
2214118,Венгерівка
2054902,Венгерка
2100324,Вендеж
2011301,Вендинга
2200252,Вендичани
2100081,Вендриж
2000124,Венев
2060392,Венец
2204543,Вениславівка
2500268,Вентспилс
2100580,Липа
2100703,Липенки
2014130,Липецк
2001388,Липицы
2300035,Липкани
23226,Липкань Гр
2020788,Липки
2204909,Липкуватівка
2218131,Липник
2100563,Липники *
2200043,Муравійка
2054064,Муравей
2024036,Муравка
2033826,Муравленко
2024558,Муравлянка
2204864,Муравський
2004463,Муравьево
2041513,Муракаево
2030480,Муранитный
2024776,Мурапталово
2200382,Жуківка
2040677,Жукатау
2000421,Жуковка
2200714,Жуковці
2004485,Жукопа
2200066,Жукотки
2709903,Май
2004355,Май-Губа
2708963,Май-Кудук
2700795,Май-Тобе
2218283,Майдан
2200138,Майдан-Вила
2709986,Майкайын
2064015,Майкоп
2708118,Майкульская
2704903,Майлибаш
2201126,Робоча
2000448,Робчик
2015355,Лев Толстой
2061502,Леваны
2005235,Левашово
2024096,Левая Белаяя
2045738,Левая Обь Рзд
2065033,Левенцовская
2060775,Левино
2204993,Левківка
2200725,Левковичі
2005275,Левобережная
2200068,Неданчичі
2000581,Недостоево
2060502,Фаленки
2300578,Фалешти
2100068,Фаличи
2024884,Бел. Озеро
2064224,Беліджи
2100106,Беларусь
2054326,Белая
2060143,Белая
2064580,Белая Калитва
2014052,Белая Поляна Оп
2024883,Белебей
2900869,Окназар
2300551,Окниця
2300586,Сипотень
2300145,Унгень
2034601,Унгун
2014371,Дон
2708922,Донгал
2040410,Донгузська
2064077,Дондуковская
2300554,Дондюшани
2214382,Донець
2214000,Донецьк
2214413,Донецьк 2
2214038,Донецьк-Північн
2001284,Донино
2300553,Редиул-Маре
2045729,Редкий
2004453,Редкино
2204051,Редути
2064809,Редутский
2004113,Редья
2214211,Рідкодуб
2214203,Булавин
2040539,Булаево 1
2050503,Булак
2030227,Буланаш
2044811,Буланиха
2001156,Булатниково
2020002,Булгаковка
2500005,Булдури
2900781,Булунгур
2024537,Булычево
5700819,Ватаги *
2024709,Ватан
2041547,Ватолино
2500824,Ватране
2010838,Ватса
2200701,Ватутіне
2500280,Блидене
2201267,Блидні
2214043,Близнюки
2010238,Блины
2031235,Блины
2201229,Довбище
2100734,Довгердишки
2214268,Довжанська
2214364,Довжанська Нова
2014362,Рай
2204730,Рай-Оленівка
2208356,Райгород
2038136,Райисполком
2201232,Райки
2004277,Райконкоски
2014552,Райновская
2044714,Районная
2038058,Районная Подстанция
2055867,Райпотребсоюз
2708786,Житикара
2100230,Житковичі
2005159,Житково
2214016,Житлівка
2204931,Житнє
2200711,Житні Гори
2000178,Житово
2200400,Житомир
2208129,Житомирська
2100157,Житомля
2215241,Овраги
2001193,Овражки
2020805,Овражная
2058344,Овражная-Новая
2200090,Овруч
2004560,Сущево
2004524,Чихачево
2001127,Петелино
2014122,Петелино
2004761,Петерсоновка
2204200,Петрівка
2209462,Петрівка
2208310,Петрівське
2300582,Петрешти
2007842,Петрзв.инт
2200301,Петро Кривоніс
2020760,Петров Вал
5700760,Хачмас
5700770,Ялама
2025959,Ялан
2900145,Ялангач
2209409,Яланець
20571,Самур-Ялама Гр
2064216,Ізбербаш
2034485,Махалино
2704794,Махамбет
2200156,Махаринці
2064900,Махачкала
2004465,Махерово
2800366,Махинджаури
5700834,Махмудлы *
2030384,Маховатня
2038378,Махошино
6600723,Махрам
2030060,Кизел
2010137,Кизема
2043807,Кизил
5700703,Кизил-Бурун
2704912,Кизил-Там
2064063,Кизилюрт
2038246,Кизир
2065589,Кизитеринка
2038576,Кизлас
2064175,Кизляр
2000311,Артаково
5800707,Арташат *
2064116,Артезиан
2034707,Артем Примор 1
2034549,Артем Примор 2
2034709,Артем Примор 3
2205640,Артемівка
2214254,Артемівськ 1
2058340,Артемовка
2004475,Артемово
5700813,Астазур *
2708000,Астана
2707700,Астана-Ата
2709807,Астана-Бж
2000672,Астапковичи
5700814,Астара *
2708928,Астаховка
2708889,Астраханка
2020148,Астраханский Переезд
2020600,Астрахань
2064640,Аксай
2035634,Аксака
2024680,Аксаково
2060595,Аксаматово
2020925,Аксарайская
2020071,Аксарайская 2
20272,Аксарайская 2-Дины Нур
2030245,Аксариха
2700732,Аксенгер
2044741,Аксениха
2042623,Арчалы
2020830,Арчеда
2050416,Арчикой
6700259,Арчман *
5800499,Арчут
2064164,Себедахово
2004515,Себеж
2020820,Себряково
2034512,Филаретовка
2000155,Фили
2038217,Филимоново
2010004,Филино
2031219,Филинцы
2024651,Филипповка
2020950,Филонове
2030187,Филькино
2600340,Валга
2600088,Валгеметса
2005469,Валговицы
2004594,Валдай
2010156,Валдеево
2800709,Вале *
2030097,Валежная
2000012,Валентиновка
2044692,Валерино
2600011,Валингу
2700682,Предгорная
2204033,Предгорочн. Парк
2204417,Преддонбасівська
2028002,Предкомбинат
2054212,Предленский
2004345,Предмедгорский
2038127,Предметкино
2005206,Предпортовая Оп
2028590,Предтеченск
2030195,Предтурье
