id,number,name,description,travel_time
56927,43,Івано-Франківськ Київ,"цілий рік щоденно, крім 20/12/2017-20/01/2018",10:56
1668,133,Івано-Франківськ Миколаїв,"11/12/2017-17/05/2018 щоденно, крім 13,16,19,22,25,28,31/12/2017, 3,6,9,12,15,18,21,24,27,30/01/04/05/2018, 2,5,8,11,14,17,20,23,26/02, 1,4,7,10,13,16,19,22,25,28,31/03/2018",24:41
57110,250,Івано-Франківськ Київ,"27/12/2017, 2/01/2018",13:31
54178,749   (ІНТЕРСІТІ),Івано-Франківськ Київ,цілий рік щоденно,8:06
429,7,Івано-Франківськ Київ,цілий рік щоденно,9:06
57065,233,Івано-Франківськ Кривий Ріг,"25,28,31/12/2017, 3,6,9,12/01/2018",19:36
57095,193,Івано-Франківськ Львів,"30/12/2017, 8/01/2018",2:42
57107,218,Івано-Франківськ Київ,9/01/2018,10:51
56758,43,"Івано-Франківськ Київ,чернігів",20/12/2017-20/01/2018 щоденно,14:44
56805,1,Івано-Франківськ Костянтинівка,"цілий рік по парних, при двох непарних 28,30,2",20:33
423,136,Білгород-Дністровський Чернівці,"12/12/2017-21/01/2018 щоденно (крім 1/01/2018);  з 22/01/2018 по парних, при двох непарних 28,30,2,4",19:41
54219,34  безпересадковий вагон,Будапешт Львів,10/12/2017 - 8/12/2018  щоденно,13:57
56850,147  безпересадковий вагон,Відень Київ,11/12/2017 - 8/12/2018  щоденно,23:29
2072,144,"Ворохта,івано-Франківськ Київ",цілий рік щоденно,15:58
57009,63170,Вроцлав Львів,11/12/2017 - 10/03/2018 щоденно,14:15
57012,53170  безпересадковий вагон,Гдиня Львів,11/12/2017 - 10/03/2018 щоденно,17:30
56810,743   (ІНТЕРСІТІ+),"Дарниця, Київ Львів",з 10/12/2017 щоденно,5:31
57133,295,Дніпро Івано-Франківськ,1/01/2018,21:43
57099,232,Дніпро Івано-Франківськ,"26/12/2017, 8/01/2018",19:37
1354,275,Дніпро Львів,"14/12/2017-22/01/2018 по парних, при двох непарних 28,30,2;   додатково 23,25,27,29/12/2017, 1,3,5,7,9,11/01/2018",18:53
386,41,Дніпро Трускавець,цілий рік щоденно,20:47
57060,69  безпересадковий вагон,Дніпро Ужгород,17/01/2018,38:23
57059,69  безпересадковий вагон,Дніпро Ужгород,3/01/2018,28:07
57120,232  безпересадковий вагон,Запоріжжя Рахів,3/01/2018,32:37
57063,232,Запоріжжя Львів,"23,25,27,29/12/2017, 1,3,5,7,9,11/01/2018",19:37
134,120,"Запоріжжя, Кривий Ріг Львів",цілий рік щоденно;  відмінено 31/12/2017,24:27
56874,811,Ківерці Львів,"цілий рік щоденно, крім  середи і четверга",3:24
57129,7,Київ Івано-Франківськ,29/12/2017,9:03
54166,749   (ІНТЕРСІТІ),Київ Івано-Франківськ,цілий рік щоденно,8:03
54177,7,Київ Івано-Франківськ,"цілий рік щоденно, крім 29/12/2017",9:03
56849,749  безпересадковий вагон,Київ Відень,10/12/2017 - 7/12/2018  щоденно,22:14
136,141,Київ Львів,цілий рік щоденно,12:53
56631,13,Київ Солотвино,до 9/01/2018 щоденно,20:55
57055,13,Київ Солотвино,з 10/01/2018 щоденно,20:55
1296,"49   (""КОБЗАР"")",Київ Трускавець,цілий рік щоденно,11:47
56969,"81   (""ДЕСНА"")",Київ Ужгород,з 20/12/2017 щоденно,16:01
56826,29,Київ Ужгород,"16,18/12/2017",12:12
57109,29,Київ Ужгород,"26/12/2017-24/03/2018 по парних, при двох непарних 30,20,4",12:12
57006,29,Київ Ужгород,"20,22,24/12/2017;  з 26/03/2018 по парних, при двох непарних 30,20,4",12:12
1947,207,Київ Ужгород,"22/12/2017-13/01/2018 щоденно, крім 31/12/2017",17:55
1289,"81   (""ДЕСНА"")",Київ Ужгород,16-19/12/2017 щоденно,16:01
56846,249,Київ Чернівці,"24,28,30/12/2017, 2,3,4,5,8,10/01/2018",16:46
56928,44,Київ Івано-Франківськ,"цілий рік щоденно, крім 21/12/2017-21/01/2018",10:53
57058,13  безпересадковий вагон,Київ Кошице,10/01 - 7/12/2018  щоденно,22:13
54312,13  безпересадковий вагон,Київ Кошице,10/12/2017 - 9/01/2018  щоденно,22:13
54172,217,Київ Рахов,"15,22,24,27,29/12/2017, 1,3,4,5,7,9,10,11,13/01/2018",15:47
56848,219,Київ Чернівці,"28,30/12/2017",15:32
56175,715   (ІНТЕРСІТІ+),Київ Пшемисль,10/12/2017-10/03/2018 щоденно,9:12
54169,143,"Київ Івано-Франківськ,ворохта",цілий рік щоденно,15:36
51900,191,Київ Львів,"23,25,28,29,30,31/12/2017, 2,5,6,8,9/01/2018",9:58
55126,243,Київ Львів,"30/12/2017, 8/01/2018",8:55
57132,"91   (""ЛЬВІВ"")",Київ Львів,29/12/2017,8:02
57122,"755   (""ЛЬВІВ"")",Київ Львів,29/12/2017,6:12
54753,"91   (""ЛЬВІВ"")",Київ Львів,"цілий рік щоденно (крім 29/12/2017);  відмінено 31/12/2017, 6/01/2018",7:18
1480,239,Київ Ужгород,"22,24,27,29/12/2017, 1,3,5,7,9/01/2018",15:12
54730,705   (ІНТЕРСІТІ+),Київ Пшемисль,10/12/2017-10/03/2018 щоденно,7:25
2424,668,Ковель Чернівці,цілий рік щоденно,14:29
57023,2,Костянтинівка Івано-Франківськ,11-24/12/2017 по непарних,20:18
56786,2,Костянтинівка Івано-Франківськ,"з 25/12/2017 по непарних, при двох непарних 29,31,3",20:18
54330,8813  безпересадковий вагон,Кошице Київ,11/12/2017 - 8/12/2018  щоденно,21:34
57057,8813  безпересадковий вагон,Кошице Київ,11/01 - 10/01/2018  щоденно,21:34
57064,234,Кривий Ріг Івано-Франківськ,"24,27,30/12/2017, 2,5,8,11/01/2018",19:57
352,46,Лисичанськ Ужгород,"10/12, з 25/12/2017 щоденно, крім 29/12/2017",32:00
57131,46,Лисичанськ Ужгород,29/12/2017,32:00
56981,46,Лисичанськ Ужгород,11-24/12/2017 щоденно,32:00
56972,"132   (""СЛОБОЖАНЩИНА"")",Львів Харків,10-22/12/2017 по парних,20:31
20,"132   (""СЛОБОЖАНЩИНА"")",Львів Харків,"з 24/12/2017 по парних, при двох непарних 30,1,2,4;  відмінено 1/01/2018",20:17
56971,"112    (""СЛОБОЖАНЩИНА"")",Львів Харків,11-23/12/2017 по непарних,20:06
207,"112    (""СЛОБОЖАНЩИНА"")",Львів Харків,"з 25/12/2017 по непарних , при двох непарних 29,31,3,5;  відмінено 31/12/2017;  додатково 1/01/2018",19:52
56883,806,Львів Рівне,"цілий рік щоденно, крім суботи",2:46
394,110,Львів Херсон,"цілий рік по непарних (крім 29/12/2017, 1,7/01/2018), при двох непарних 27,29,1",18:49
57035,110,Львів Херсон,"29/12/2017, 1,7/01/2018",18:57
56894,804,Львів Рівне,"з 11/12/2017 щоденно, крім неділі",2:40
56825,372,Львів Могилів,"10/12/2017-8/12/2018 парних, при двох непарних 30,2,4;  відмінено 20/12/2017, 30/01/2018",18:45
205,142,Львів Київ,цілий рік щоденно,12:26
57092,462,Львів Мінськ,29/12/2017,15:01
56882,827,Львів Мукачево,"до 31/12/2017 щоденно, крім четверга;  з 1/01/2018 по понеділках, п'ятницях, суботах, неділях",4:07
57103,168,Львів Одеса,"28,30/12/2017, 6,8/01/2018",11:40
218,228,Львів Одеса,4/01/2018,12:32
37,258,Львів Одеса,"23/12/2017-11/01/2018 щоденно, крім 1,7/01/2018",13:45
28980,601,Львів Солотвино,цілий рік щоденно,12:28
56860,829,Львів Ужгород,цілий рік щоденно,5:40
155,"96   (""ТЯСМИН"")",Львів Черкаси,"11/12/2017-15/06/2018 та з 3/09/2018 по 3,7,11,15,19,23,27 числах кожного місяця;  17/06-31/08/20218 по непарних, при двох непарних 29,31,3;   додатково 30/12/2017",15:23
1295,744   (ІНТЕРСІТІ+),"Львів Київ, Дарниця",з 10/12/2017 щоденно,5:32
56910,812,Львів Ківерці,"цілий рік щоденно, крім вівторка і середи",3:35
56640,"12   (""ЗАХІДНИЙ ЕКСПРЕС"")",Львів Одеса,"до 20/01/2018 по парних, при двох непарних 28,30,2;   з 23/01/2018 по непарних, при двох непарних 27,29,1",10:28
1279,702,Львів Чернівці,"цілий рік щоденно, крім середи",3:43
1355,276,Львів Дніпро,"13/12/2017-21/01/2018 по непарних, при двох непарних 27,29,1;   додатково 24,26,28,30/12/2017, 2,4,6,8,10,12/01/2018",17:50
57096,194,Львів Івано-Франківськ,"30/12/2017, 8/01/2018",2:52
54353,81  безпересадковий вагон,Львів Будапешт,9/12/2017 - 7/12/2018  щоденно,12:51
264,74,Львів Москва,цілий рік щоденно,23:40
56842,185,Львів Ужгород,"30/12/2017, 8/01/2018",5:33
57010,51,Львів Вроцлав,10/12/2017 - 09/03/2018 щоденно,15:01
57011,51  безпересадковий вагон,Львів Гдиня,10/12/2017 - 09/03/2018 щоденно,18:24
379,86,Львів Новоолексіївка,"11/12/2017-23/03/2018 та з 29/10/2018 по непарних, при двох непарних 27,29,1",23:43
57088,286,Львів Запоріжжя-1,"24,26,28,30/12/2017, 2,4,6,8,10,12/01/2018",20:07
201,"92   (""ЛЬВІВ"")",Львів Київ,"цілий рік щоденно;  відмінено 31/12/2017, 6/01/2018",7:26
57123,"756   (""ЛЬВІВ"")",Львів Київ,29/12/2017,6:16
51901,192,Львів Київ,"23,25,28,29,30/12/2017, 1,2,5,7,8,9/01/2018",9:30
56428,244,Львів Київ,"30/12/2017, 8/01/2018",10:06
230,120,"Львів Кривий Ріг, Запоріжжя",цілий рік щоденно;  відмінено 1/01/2018,24:47
345,70,Львів Маріуполь,цілий рік щоденно,29:10
57061,81  безпересадковий вагон,Львів Маріуполь,19/01/2018,27:34
38380,606,Львів Рахів,до 15/01/2018 щоденно;  відмінено 31/12/2017,7:53
57015,606,Львів Рахів,з 16/01/2018 щоденно,8:00
56765,145,Львів Чоп,цілий рік щоденно,4:37
57091,461,Мінськ Львів,28/12/2017,12:54
236,70,Маріуполь Львів,цілий рік щоденно,28:11
56798,134,Миколаїв Івано-Франківськ,"10/12/2017-16/05/2018 щоденно, крім 12,15,18,21,24,27,30/12/2017, 2,5,8,11,14,17,20,23,26,29/01/04/05/2018, 1,4,7,10,13,16,19,22,25,28/02, 3,6,9,12,15,18,21,24,27,30/03/2018",25:22
417,371,Могилів Львів,"11/12/2017-7/12/2018 по непарних, при двох непарних 29,1,3;  відмінено 19/12/2017, 29/01/2018",17:43
330,73,Москва Львів,цілий рік щоденно,22:31
56914,828,Мукачево Львів,"до 31/12/2017 щоденно, крім четверга;  з 1/01/2018 по понеділках, п'ятницях, суботах, неділях",4:05
252,86,Новоолексіївка Львів,"18/12/2017-24/03/2018  та з 30/10/2018 по парних, при двох непарних 28,30,2",24:27
266,228,Одеса Львів,4/01/2018,11:55
1611,108,Одеса Ужгород,цілий рік щоденно,18:40
56801,36,Одеса Пшемисль,цілий рік щоденно,16:19
56755,26,Одеса Яремче,до 13/01/2018 щоденно,17:10
57016,26,Одеса Яремче,"з 14/01/2018 по парних, при двох непарних 28,30,2",17:10
56754,"12   (""ЗАХІДНИЙ ЕКСПРЕС"")",Одеса Львів,"до 21/01/2018 по непарних, при двох непарних 29,31,3;   з 24/01/2018 по парних, при двох непарних 28,30,2",9:50
57018,26,Одеса Рахів,"з 15/01/2018 по непарних, при двох непарних 29,1,3",19:51
57104,168,Одеса Львів,"28,30/12/2017, 6,8/01/2018",11:10
38,258,Одеса Львів,"22/12/2017-10/01/2018 щоденно, крім 31/12/2017, 6/01/2018",12:22
56802,35,Пшемисль Одеса,з 11/12/2017 щоденно,16:06
56177,715   (ІНТЕРСІТІ+),Пшемисль Київ,10/12/2017-10/03/2018 щоденно,8:59
54731,705   (ІНТЕРСІТІ+),Пшемисль Київ,10/12/2017-10/03/2018 щоденно,7:08
56888,806,Рівне Львів,"цілий рік щоденно, крім суботи",2:55
56897,804,Рівне Львів,"з 11/12/2017 щоденно, крім неділі",2:49
57017,26,Рахів Одеса,"з 16/01/2018 по парних, при двох непарних 30,2,4",18:55
1872,218,Рахів Київ,"10,17,23,25,28,30/12/2017, 2,4,5,6,8,10,11,12,14/01/2018",15:31
56787,"16   (""ВЛАДИСЛАВ ЗУБЕНКО"")",Рахів Харків,"цілий рік по непарних, при двох непарних 29,31,3,5;  відмінено 31/12/2017;  додатково 1/01/2018",19:41
57121,606  безпересадковий вагон,Рахів Запоріжжя,5/01/2018,30:49
1483,606,Рахів Львів,з 11/12/2017 щоденно;  відмінено 1/01/2018,8:05
1375,601,Солотвино Львів,цілий рік щоденно,12:09
56769,13,Солотвино Київ,до 10/01/2018 щоденно,21:17
57056,13,Солотвино Київ,з 11/01/2018 щоденно,21:17
56783,"50   (""КОБЗАР"")",Трускавець Київ,цілий рік щоденно,11:44
286,42,Трускавець Дніпро,цілий рік щоденно,20:34
1946,207,Ужгород Київ,"23/12/2017-14/01/2018 щоденно, крім 31/12/2017",16:27
56,29,Ужгород Київ,"цілий рік по непарних (крім 25/12/2017-23/03/2018), при двох непарних 31,3,5",12:13
56970,"81   (""ДЕСНА"")",Ужгород Київ,з 21/12/2017 щоденно,15:26
3794,239,Ужгород Київ,"23,25,28,30/12/2017, 2,4,6,8,10/01/2018",15:04
54164,"81   (""ДЕСНА"")",Ужгород Київ,до 20/12/2017 щоденно,15:26
57108,29,Ужгород Київ,"25/12/2017-23/03/2018 по непарних, при двох непарних 31,3,5",12:13
56884,829,Ужгород Львів,цілий рік щоденно,5:46
2126,107,Ужгород Одеса,цілий рік щоденно,18:23
56975,45,Ужгород Лисичанськ,10-24/12/2017 щоденно,32:35
56760,45,Ужгород Лисичанськ,з 25/12/2017 щоденно,32:25
57062,601  безпересадковий вагон,Ужгород Дніпро,5/01/2018,33:26
56845,185,Ужгород Львів,"30/12/2017, 8/01/2018",5:30
1291,"235   (""ВЕЧІРНІ ЗОРІ"")",Ужгород Харків,"28/12/2017, 1,5,8/01/2018",25:30
57007,"235   (""ВЕЧІРНІ ЗОРІ"")",Ужгород Харків,"13,17,20,23/12/2017",25:37
56789,"17   (""МРІЯ"")",Ужгород Харків,"з 12/12/2017 по парних, при двох непарних 30,1,2,4;  відмінено 1/01/2018",19:15
56806,"131   (""СЛОБОЖАНЩИНА"")",Харків Львів,"з 25/12/2017 по непарних, при двох непарних 29,31,1,3;  відмінено 31/12/2017",19:06
56993,"111    (""СЛОБОЖАНЩИНА"")",Харків Львів,12-24/12/2017 по парних,19:54
144,"111    (""СЛОБОЖАНЩИНА"")",Харків Львів,"з 26/12/2017 по парних, при двох непарних 28,30,2,4",19:51
56994,"131   (""СЛОБОЖАНЩИНА"")",Харків Львів,11-23/12/2017 по непарних,19:09
56990,"15   (""ВЛАДИСЛАВ ЗУБЕНКО"")",Харків Рахів,12-24/12/2017 по парних,19:34
56816,"15   (""ВЛАДИСЛАВ ЗУБЕНКО"")",Харків Рахів,"10/12, з 26/12/2017 по парних, при двох непарних 28,30,2,4",19:31
57130,"17   (""МРІЯ"")",Харків Ужгород,29/12/2017,19:18
57008,"235   (""ВЕЧІРНІ ЗОРІ"")",Харків Ужгород,"12,15,19,22/12/2017",25:23
56984,"17   (""МРІЯ"")",Харків Ужгород,"17,19,21,23/12/2017",19:21
56788,"17   (""МРІЯ"")",Харків Ужгород,"з 25/12/2017 по непарних (крім 29/12/2017), при двох непарних 29,31,1,3;  відмінено 31/12/2017",19:18
1290,"235   (""ВЕЧІРНІ ЗОРІ"")",Харків Ужгород,"27,30/12/2017, 4,7/01/2018",25:23
147,109,Херсон Львів,"цілий рік по парних, при двох непарних 28,30,2",19:53
411,"95   (""ТЯСМИН"")",Черкаси Львів,"10/12/2017-14/06/2018 та з 2/09/2018 по 2,6,10,14,18,22,26 числах кожного місяця;  16/06-30/08/2018 по парних, при двох непарних 28,30,2;   додатково 29/12/2017",15:23
1281,702,Чернівці Львів,"цілий рік щоденно, крім четверга",3:44
56843,250,Чернівці Київ,"25,29/12/2017, 3,4,9/01/2018",16:18
57089,226,Чернівці Дніпро,"31/12/2017, 5,6,11/01/2018",24:35
56844,220,Чернівці Київ,28/12/2017,16:48
57146,136,Чернівці Білгород-Дністровський,"25/12/2017-20/01/2018 щоденно (крім 31/12/2017);  з 21/01/2018 по непарних, при двох непарних 27,29,1,3",21:05
1448,668,Чернівці Ковель,цілий рік щоденно,13:17
56759,44,"Чернігів,київ Івано-Франківськ",21/12/2017-21/01/2018 щоденно,13:57
53,146,Чоп Львів,з 11/12/2017 щоденно,4:55
57019,26,Яремче Одеса,"з 15/01/2018 по непарних, при двох непарних 29,31,3",16:32
56718,26,Яремче Одеса,до 14/01/2018 щоденно,16:23
56838,751,Здолбунів Хелм,10/12/2017 - 8/12/2018 щоденно,5:25
319,97,Київ Ковель,"цілий рік щоденно (крім 29/12/2017);  відмінено 31/12/2017, 6/01/2018",10:09
57134,97,Київ Ковель,29/12/2017,10:09
2223,197,Київ Ковель,"23,25,29,31/12/2017, 5,6,9/01/2018",9:16
56851,77,Київ Ковель,цілий рік щоденно,10:07
387,84,Ковель Одеса,"11/12/2017-1/06/2018 по непарних, при двох непарних 27,29,1",16:30
2224,198,Ковель Київ,"23,25,29/12/2017, 1,5,7,9/01/2018",9:03
56660,753,Ковель Хелм,10/12/2017 - 8/12/2018 щоденно,2:48
57135,98,Ковель Київ,29/12/2017,10:09
1479,98,Ковель Київ,"цілий рік щоденно (крім 29/12/2017);  відмінено 31/12/2017, 6/01/2018",10:00
56762,88,Ковель Новоолексіївка,"11/12/2017-23/03/2018 та з 29/10/2018 по непарних, при двох непарних 27,29,1",24:30
356,128,Ковель Харків,"цілий рік по парних, при двох непарних 28,30,2",21:49
56852,78,Ковель Київ,цілий рік щоденно,9:21
349,78  безпересадковий вагон,Ковель Москва,цілий рік щоденно,23:57
419,73  безпересадковий вагон,Москва Ковель,цілий рік щоденно,23:56
354,86,Новоолексіївка Ковель,"18/12/2017-24/03/2018  та з 30/10/2018 по парних, при двох непарних 28,30,2",25:08
57142,86,Новоолексіївка Ковель,18-24/12/2017 по парних,25:08
274,84,Одеса Ковель,"10/12/2017-2/06/2018 по парних, при двох непарних 28,30,2",16:02
56763,127,Харків Ковель,"з 25/12/2017 по непарних, при двох непарних 29,31,3",22:13
56987,127,Харків Ковель,"17,19,21,23/12/2017",22:16
56512,752,Хелм Здолбунів,10/12/2017 - 8/12/2018 щоденно,5:33
56839,754,Хелм Ковель,10/12/2017 - 8/12/2018 щоденно,2:52
251,"357   (""ГУЦУЛЬЩИНА"")","Київ Тернопіль, Рахів",цілий рік щоденно,19:09
56693,747   (ІНТЕРСІТІ),Київ Тернопіль,"з 10/12/2017 щоденно, крім понеділків;  додатково 25/12/2017, 1/01/2018;   відмінено 24,31/12/2017",6:01
397,"358   (""ГУЦУЛЬЩИНА"")","Рахів, Тернопіль Київ",цілий рік щоденно,17:53
56538,748   (ІНТЕРСІТІ),Тернопіль Київ,"з 10/12/2017 щоденно, крім вівторків;  додатково 26/12/2017, 2/01/2018;  відмінено 25/12/2017, 1/01/2018",5:57
14,146,Ізмаїл Київ,цілий рік щоденно;  відмінено 1/01/2018,16:18
57047,585,Ізмаїл Одеса,11/12/2017,7:03
56854,688  безпересадковий вагон,Березине Київ,16/12/2017-25/03/2018 по суботах та неділях,16:34
37561,"797   (""ПІВДЕННИЙ ЕКСПРЕС"")",Вінниця Одеса,"цілий рік щоденно, крім вівторка",6:17
271,"63   (""СКІФІЯ"")",Дніпро Одеса,"9-23/12/2017, 11/01-23/05/2018 та з 1/10/2018 по непарних, при двох непарних 27,29,1,3;  24/12/2017-10/01/2018 (крім 31/12/2017), 24/05-29/09/2018 щоденно",10:53
57138,618  безпересадковий вагон,Дніпро Одеса,"10/02-26/05/2018 та з 2/09/2018 по парних, при двох непарних 28,30,2,4",18:48
54269,618  безпересадковий вагон,Дніпро Одеса,"10/12/2017-8/02/2018 по парних, при двох непарних 28,30,2,4",18:48
290,763   (ІНТЕРСІТІ+),Київ Одеса,з 10/12/2017 щоденно;  відмінено 31/12/2017,7:11
56840,148,Київ Одеса,11/12/2017-1/06/2018 щоденно;  відмінено 1/01/2018,13:19
325,"105   (""ЧОРНОМОРЕЦЬ"")",Київ Одеса,цілий рік щоденно;  відмінено 31/12/2017,9:03
77,223,Київ Одеса,"30,31/12/2017, 8/01/2018",10:10
56853,145  безпересадковий вагон,Київ Березине,15/12/2017-24/03/2018 по п`ятницях та суботах,17:26
12,145,Київ Ізмаїл,цілий рік щоденно;  відмінено 31/12/2017,17:17
56823,642,Кишинеу Одеса,"цілий рік по суботах та неділях;  додатково 22,29/12/2017, 5,12,19/01/2018",4:16
314,92,Костянтинівка Одеса,"10,11/12/2017, 17-30/12/2017, 1-29/01/2018 щоденно;  з 30/01/2018 по парних, при двох непарних 28,30,2",16:34
54347,564  безпересадковий вагон,Кривий Ріг Одеса,"9-23/12/2017, 11/01-23/05/2018 та з 1/10/2018 по непарних, при двох непарних 27,29,1,3;  24/12/2017-10/01/2018 (крім 31/12/2017), 24/05-29/09/2018 щоденно",11:23
57136,"318   (""ТАВРІЯ"")","Кривий Ріг,запоріжжя Одеса","10/02-26/05/2018 та з 2/09/2018 по парних, при двох непарних 28,30,2,4",20:47
265,"318   (""ТАВРІЯ"")","Кривий Ріг,запоріжжя Одеса","10/12/2017-8/02/2018 по парних, при двох непарних 28,30,2,4",20:47
190,94,Мінськ Одеса,"12/12/2017-29/05/2018, 21/09-7/12/2018 по вівторках, п""ятницях;  1/06-20/09/2018 щоденно",22:12
56774,142,Маріуполь Одеса,"з 11/12/2017 по непарних, при двох непарних 29,31,3",21:24
222,23,Москва Одеса,до 5/02/2018 та з 27/04/2018 щоденно;  6/02-26/04/2018 по парних,23:11
375,764   (ІНТЕРСІТІ+),Одеса Київ,з 10/12/2017 щоденно;  відмінено 1/01/2018,7:01
285,"64   (""СКІФІЯ"")",Одеса Дніпро,"10-24/12/2017, 12/01-24/05/2018 та з 2/10/2018 по парних, при двох непарних 28,30,2,4;  25/12/2017-11/01/2018 (крім 1/01/2018), 25/05-30/09/2018 щоденно",10:56
78,224,Одеса Київ,"30/12/2017, 1,8/01/2018",10:10
173,"106   (""ЧОРНОМОРЕЦЬ"")",Одеса Київ,цілий рік щоденно;  відмінено 31/12/2017,8:45
56834,148,Одеса Київ,10/12/2017-31/05/2018 щоденно;  відмінено 31/12/2017,13:14
403,642,Одеса Кишинеу,"цілий рік по суботах та неділях;  додатково 22,29/12/2017, 5,12,19/01/2018",4:29
54418,64  безпересадковий вагон,Одеса Кривий Ріг,"10-24/12/2017, 12/01-24/05/2018 та з 2/10/2018 по парних, при двох непарних 28,30,2,4;  25/12/2017-11/01/2018 (крім 1/01/2018), 25/05-30/09/2018 щоденно",12:16
326,94,Одеса Мінськ,"13/12/2017-30/05/2017, 22/09-8/12/2018 по середах, суботах;  2/06-21/09/2018 щоденно",21:50
208,24,Одеса Москва,до 4/02/2018 та з 26/04/2018 щоденно;  5/02-25/04/2018 по непарних,23:01
56772,8,Одеса Харків,"з 23/01/2018 по непарних, при двох непарних 29,31,3",11:08
57126,8,Одеса Харків,"28/12/2017-20/01/2018 по парних, при двох непарних 30,2",11:28
253,"60   (""ЧАЙКА"")",Одеса Харків,цілий рік щоденно;  відмінено 31/12/2017,13:44
57013,270,"Одеса Харків, Суми",22/12/2017,20:08
79,270,"Одеса Харків, Суми","27,29/12/2017, 1,5,7,9/01/2018",20:08
164,92,Одеса Костянтинівка,"10-30/12/2017, 1-30/01/2018 щоденно;  з 1/02/2018 по непарних, при двох непарних 27,29,1",16:12
55499,"798   (""ПІВДЕННИЙ ЕКСПРЕС"")",Одеса Вінниця,"цілий рік щоденно, крім вівторка",6:11
56775,142,Одеса Маріуполь,"з 10/12/2017 по парних, при двох непарних 28,30,2",20:22
54436,318  безпересадковий вагон,Одеса Дніпро,"11/12/2017-9/02/2018 по непарних, при двох непарних 29,31,3,5",17:46
57139,318  безпересадковий вагон,Одеса Дніпро,"11/02-27/05/2018 та з 3/09/2018 по непарних , при двох непарних 29,31,3,5",17:48
57137,"318   (""ТАВРІЯ"")","Одеса Запоріжжя,кривий Ріг","11/02-27/05/2018 та з 3/09/2018 по непарних, при двох непарних 29,31,3,5",20:31
203,"318   (""ТАВРІЯ"")","Одеса Запоріжжя,кривий Ріг","11/12/2017-9/02/2018 по непарних, при двох непарних 29,31,3,5",20:29
80,270,"Суми, Харків Одеса","28,30/12/2017, 2,6,8,10/01/2018",20:54
57014,270,"Суми, Харків Одеса",23/12/2017,20:54
56773,7,Харків Одеса,"27/12/2017-19/01/2018 по непарних, при двох непарних 29,1;   з 22/01/2018 по парних, при двох непарних 28,30,2",11:22
56988,"59   (""ЧАЙКА"")",Харків Одеса,11-24/12/2017 щоденно,13:27
362,"59   (""ЧАЙКА"")",Харків Одеса,"10/12, з 25/12/2017 щоденно;  відмінено 1/01/2018",13:24
56991,138,Лисичанськ Хмельницький,11-24/12/2017 щоденно,21:20
82,138,Лисичанськ Хмельницький,з 25/12/2017 щоденно,21:20
56999,138,Хмельницький Лисичанськ,11-24/12/2017 щоденно,20:25
56777,138,Хмельницький Лисичанськ,"цілий рік щоденно, крім 11-24/12/2017",20:25
150,179,Дніпро Київ,"23,25,28,29,30/12/2017, 1,2,8,9/01/2018",10:26
57041,201,Дніпро Київ,"28/12/2017, 2,8/01/2018",7:51
163,"79   (""ДНІПРО"")",Дніпро Київ,цілий рік щоденно;  відмінено 31/12/2017,8:34
56947,11  безпересадковий вагон,Дніпро С.петербург,"13,15,17/12/2017",33:33
54265,11  безпересадковий вагон,Дніпро С.петербург,"цілий рік по непарних (крім 13,15,17/12/2017), при двох непарних 27,29,1",33:50
49129,732   (ІНТЕРСІТІ+),Запоріжжя Київ,з 10/12/2017 щоденно;  відмінено 1/01/2018,7:13
51828,736   (ІНТЕРСІТІ+),Запоріжжя Київ,"з 10/12/2017 щоденно, крім вівторків, субот ;  додатково 30/12/2017, 2/01/2018",7:12
426,"76   (""КРИВОРІЖЖЯ"")","Запоріжжя, Кривий Ріг Київ",цілий рік щоденно,13:21
297,84,Київ Маріуполь,цілий рік щоденно,18:49
54850,104,Київ Маріуполь,цілий рік щоденно,17:10
391,179,Київ Дніпро,"23,25,28,29,30,31/12/2017, 2,8,9/01/2018",9:09
36882,732   (ІНТЕРСІТІ+),Київ Запоріжжя,з 10/12/2017 щоденно;  відмінено 1/01/2018,7:10
1818,736   (ІНТЕРСІТІ+),Київ Запоріжжя,"з 10/12/2017 щоденно, крім вівторків, субот;  додатково 30/12/2017, 2/01/2018",7:11
229,"790   (""СТОЛИЧНИЙ ЕКСПРЕС"")",Київ Кропивницький,цілий рік щоденно,4:44
54711,792,Київ Кременчук,цілий рік щоденно,4:59
370,"12   (""СЛАВУТИЧ"")",Київ Новоолексіївка,цілий рік щоденно,12:27
57106,202,Київ Дніпро,12/01/2018,7:11
36880,734   (ІНТЕРСІТІ+),Київ Покровськ,з 10/12/2017 щоденно;  відмінено 31/12/2017,8:09
327,"76   (""КРИВОРІЖЖЯ"")","Київ Кривий Ріг, Запоріжжя",цілий рік щоденно,13:27
57100,203,Київ Новоолексіївка,28/12/2017,13:21
57102,203,Київ Новоолексіївка,30/12/2017,11:59
384,"80   (""ДНІПРО"")",Київ Дніпро,цілий рік щоденно;  відмінено 31/12/2017,7:47
57128,175,Київ Кривий Ріг,30/12/2017,8:49
54710,791,Кременчук Київ,цілий рік щоденно,5:02
57127,176,Кривий Ріг Київ,29/12/2017,9:28
171,"790   (""СТОЛИЧНИЙ ЕКСПРЕС"")",Кропивницький Київ,цілий рік щоденно,5:04
292,84,Маріуполь Київ,цілий рік щоденно,18:48
54851,104,Маріуполь Київ,цілий рік щоденно,17:33
56809,62,Миколаїв Москва,"цілий рік по парних, при двох непарних 28,30,2",28:12
56808,61,Москва Миколаїв,"цілий рік по непарних, при двох непарних 29,31,3",28:01
287,"12   (""СЛАВУТИЧ"")",Новоолексіївка Київ,цілий рік щоденно,13:21
57101,204,Новоолексіївка Київ,29/12/2017,12:45
56956,733   (ІНТЕРСІТІ+),Покровськ Київ,13-17/12/2017 щоденно,8:26
54141,733   (ІНТЕРСІТІ+),Покровськ Київ,"з 10/12/2017 щоденно, крім 13-17/12/2017;  відмінено 1/01/2018",8:09
54455,53  безпересадковий вагон,С.петербург Дніпро,"цілий рік по парних, при двох непарних 28,30,2",35:43
293,375,Харків Херсон,"10/12, з 25/12/2017 щоденно;  відмінено 31/12/2017",18:01
56992,375,Харків Херсон,11-24/12/2017 щоденно,18:04
341,375,Херсон Харків,цілий рік щоденно;  відмінено 1/01/2018,18:08
57043,"205   (""МИКОЛАЇВ"")",Київ Миколаїв,"30,31/12/2017, 8/01/2018",9:48
56962,"121   (""МИКОЛАЇВ"")",Київ Миколаїв,12-16/12/2017 щоденно,9:51
56803,"121   (""МИКОЛАЇВ"")",Київ Миколаїв,"цілий рік щоденно, крім 12-16/12/2017;  відмінено 31/12/2017",9:51
57033,152,Київ Херсон,"23,30/12/2017, 2,8/01/2018",10:15
2472,"766   (ІНТЕРСІТІ""СТОЛИЧНИЙ ЕКСПРЕС"")",Київ Херсон,цілий рік щоденно,7:13
57042,"206   (""МИКОЛАЇВ"")",Миколаїв Київ,"30/12/2017, 1,8/01/2018",9:56
431,"122   (""МИКОЛАЇВ"")",Миколаїв Київ,цілий рік щоденно;  відмінено 31/12/2017,10:23
57034,152,Херсон Київ,"23,30/12/2017, 2,8/01/2018",10:00
2473,"765   (ІНТЕРСІТІ""СТОЛИЧНИЙ ЕКСПРЕС"")",Херсон Київ,цілий рік щоденно,7:15
248,"796   (""ПРОМІНЬ"")",Дніпро Харків,цілий рік щоденно,4:15
54637,106  безпересадковий вагон,Дніпро Москва Кур.,цілий рік щоденно,18:37
56886,826,Дніпро Покровськ,"з 10/12/2017 щоденно, крім середи",3:22
56468,738,Запоріжжя Київ,з 18/12/2017 щоденно;  відмінено 1/01/2018,8:12
56690,38,Київ Запоріжжя,з 17/12/2017 щоденно;   відмінено 31/12/2017,9:19
54636,73  безпересадковий вагон,Москва Кур. Дніпро,цілий рік щоденно,19:15
57105,206,Новоолексіївка Дніпро,31/12/2017,5:16
56909,825,Покровськ Дніпро,"з 10/12/2017 щоденно, крім середи",2:54
278,"795   (""ПРОМІНЬ"")",Харків Дніпро,цілий рік щоденно,4:03
254,"72   (""ЗАПОРІЖЖЯ"")",Запоріжжя Київ,цілий рік щоденно,12:15
56511,102,Київ Херсон,10/12/2017-14/05/2018 щоденно,12:00
54644,740   (ІНТЕРСІТІ),Київ Кривий Ріг,з 10/12/2017 щоденно;  відмінено 31/12/2017,5:32
221,"72   (""ЗАПОРІЖЖЯ"")",Київ Запоріжжя,цілий рік щоденно,12:25
395,74,Кривий Ріг Москва Кур.,цілий рік щоденно,23:19
430,739   (ІНТЕРСІТІ),Кривий Ріг Київ,з 10/12/2017 щоденно;  відмінено 1/01/2018,5:29
226,73,Москва Кур. Кривий Ріг,цілий рік щоденно,23:35
56497,102,Херсон Київ,10/12/2017-15/05/2018 щоденно,11:39
56793,96,Бахмут Маріуполь,"цілий рік по непарних, при двох непарних 29,31,3",17:19
2165,608,Бердянськ Запоріжжя-1,цілий рік щоденно,5:00
57044,822,Запоріжжя Харків,"17,18,19,20/12/2017",5:45
56862,820,Запоріжжя Харків,"цілий рік щоденно, крім вівторка",5:03
56887,822,Запоріжжя Харків,"цілий рік щоденно, крім середи та 17,18,19,20/12/2017",5:21
56985,100,Запоріжжя Мінськ,12-24/12/2017 по парних,22:20
56934,100,Запоріжжя Мінськ,"10/12/2017-30/05/2018 (крім 12-24/12/2017), 1/06, 24/09-10/12/2018 по парних, при двох непарних 30,1,4",22:20
2164,608,Запоріжжя-1 Бердянськ,цілий рік щоденно,5:00
54331,92  безпересадковий вагон,Кременчугк Новоолексіївка,"10-30/12/2017, 2/02-30/03, 2/06, 20/09-30/10/2018 по парних;  1-31/01, 1/04-31/05, 1/11-7/12/2018 по непарних",16:04
56933,100,Мінськ Запоріжжя,"10/12/2017-30/05/2018, 22/09-8/12/2018 по парних, при двох непарних 28,30,2",22:10
56794,96,Маріуполь Бахмут,"цілий рік по парних, при двох непарних 28,30,2",18:17
54757,"82   (""ХАРКІВ"")",Новоолексіївка Харків,з 11/12/2017 щоденно;  відмінено 1/01/2018,8:01
54405,82  безпересадковий вагон,Новоолексіївка Кременчугк,"25-31/12/2017, 1/02-31/03, 1,3/06, 21/09-31/10/2018 по непарних;  2-30/01, 2/04-30/05, 2/11-8/12/2018 по парних",16:35
57003,82  безпересадковий вагон,Новоолексіївка Кременчугк,11-23/12/2017 по непарних,16:35
57002,82  безпересадковий вагон,Новоолексіївка Полтава,12-24/12/2017 по парних,14:09
54409,82  безпересадковий вагон,Новоолексіївка Полтава,"26-30/12/2017, 2/02-30/03, 2/06, 22/09-30/10/2018 по парних;  3-31/01, 1/04-31/05, 1/11-7/12/2018 по непарних",14:09
54444,92  безпересадковий вагон,Полтава Новоолексіївка,"11-29/12/2017, 1/02-31/03, 1/06, 21/09-31/10/2018 по непарних;  2-30/01, 2/04-30/05, 2/11-6/12/2018 по парних",13:45
57045,821,Харків Запоріжжя,"17,18,19,20/12/2017",4:46
56870,819,Харків Запоріжжя,"цілий рік щоденно, крім вівторка",4:42
56871,821,Харків Запоріжжя,"цілий рік щоденно, крім середи та 17,18,19,20/12/2017",4:46
54756,"81   (""ХАРКІВ"")",Харків Новоолексіївка,цілий рік щоденно;  відмінено 31/12/2017,7:55
56872,816,Борщагівка Тех. Шостка,"з 10/12/2017 по  неділях та п""ятницях;  додатково 25/12/2017;  відмінено 24/12/2017",5:57
56923,816,Борщагівка Тех. Конотоп,"з 11/12/2017 щоденно, крім  п`ятниць та неділь;  додатково 24/12/2017;  відмінено 25/12/2017",4:29
54220,"380  безпересадковий вагон (""БУКОВИНА"")",Бухарест Київ,10/12/2017 - 2/12/2018 по неділях,25:51
86,12101,Варшава Київ,10/12/2017 - 08/12/2018 щоденно,16:27
56921,817,Ворожба Фастів,цілий рік щоденно,6:56
56892,828,Жмеринка Київ,цілий рік щоденно,5:34
57119,"294   (""ПОДІЛЬСЬКИЙ ЕКСПРЕС"")",Жмеринка Київ,22/12/2017,4:11
56873,813,Зернове Борщагівка Тех.,цілий рік щоденно,6:08
57115,"770   (""ПОДІЛЬСЬКИЙ ЕКСПРЕС"")",Кам'янець-Подільський Київ,з 16/12/2017 щоденно,7:35
2111,140,Кам'янець-Подільський Київ,"цілий рік по парних, при двох непарних 30,2,4",9:04
54292,"117  безпересадковий вагон (""БУКОВИНА"")",Київ Бухарест,"8/12/2017 - 30/11/2018 по п""ятницях",26:42
206,"86   (""БЕЛЫЙ АИСТ"")",Київ Мінськ,"цілий рік щоденно;  будьте уважні, двері в вагони зачиняються о 21:06, потім митний і паспортний контроль!",10:07
324,"6   (""УКРАЇНА"")",Київ Москва,цілий рік щоденно,13:28
56891,855,Київ Рівне,цілий рік щоденно,7:59
56899,847,Київ Рівне,цілий рік щоденно,7:10
238,"54   (""ЛИБІДЬ"")",Київ С.петербург,"цілий рік по непарних, при двох непарних 27,29,1",22:36
57037,"796   (ІНТЕРСІТІ""СТОЛИЧНИЙ ЕКСПРЕС"")",Київ Суми,"23,25,30/12/2017, 8/01/2018",4:55
194,"780   (ІНТЕРСІТІ""СТОЛИЧНИЙ ЕКСПРЕС"")",Київ Суми,цілий рік щоденно,4:24
36846,724   (ІНТЕРСІТІ+),Київ Харків,з 10/12/2017 щоденно,4:40
36850,722   (ІНТЕРСІТІ+),Київ Харків,з 10/12/2017 щоденно,4:43
57097,164,Київ Харків,"30/12/2017, 8/01/2018",7:42
56976,"64   (""ОБЕРІГ"")",Київ Харків,11-24/12/2017 щоденно,8:13
2386,726   (ІНТЕРСІТІ+),Київ Харків,з 10/12/2017 щоденно,4:41
1324,"64   (""ОБЕРІГ"")",Київ Харків,"10/12, з 25/12/2017 щоденно;  відмінено 1/01/2018",8:03
53280,"771   (""ПОДІЛЬСЬКИЙ ЕКСПРЕС"")",Київ Хмельницький,цілий рік щоденно,5:29
57117,"291   (""ПОДІЛЬСЬКИЙ ЕКСПРЕС"")",Київ Хмельницький,14/01/2018,5:10
57093,159,Київ Хмельницький,"29/12/2017, 9/01/2018",6:02
56828,"117   (""БУКОВИНА"")",Київ Чернівці,цілий рік щоденно,11:25
56917,841,Київ Шепетівка,цілий рік по суботах та неділях;  додатково 25/12/2017;  відмінено 24/12/2017,5:35
56918,819,Київ Шепетівка,з 15/12/2017 по  п'ятницях,5:18
56861,827,Київ Жмеринка,цілий рік щоденно,5:01
49210,"769   (""ПОДІЛЬСЬКИЙ ЕКСПРЕС"")",Київ Кам'янець-Подільсь,цілий рік щоденно,8:05
53942,126,Київ Костянтинівка,цілий рік щоденно,12:09
143,"776   (""СТОЛИЧНИЙ ЕКСПРЕС"")",Київ Харків,цілий рік щоденно,8:04
57111,"769   (""ПОДІЛЬСЬКИЙ ЕКСПРЕС"")",Київ Могилів-Подільський,"з 15/12/2017 по  п'ятницях, неділях та середах;  відмінено 31/12/2017",6:59
56911,880,Київ Славутич,з 10/12/2017/2017 по неділях;  додатково 25/12/2017;  відмінено 24/12/2017,4:36
149,"784   (""ПОДІЛЬСЬКИЙ ЕКСПРЕС"")",Київ Шостка,цілий рік щоденно,4:14
53539,"778   (""ПОДІЛЬСЬКИЙ ЕКСПРЕС"")",Київ Шостка,цілий рік щоденно,4:15
57118,"293   (""ПОДІЛЬСЬКИЙ ЕКСПРЕС"")",Київ Жмеринка,15/01/2018,4:25
1403,712   (ІНТЕРСІТІ+),Київ Костянтинівка,цілий рік щоденно;  відмінено 1/01/2018,6:24
56653,720   (ІНТЕРСІТІ+),Київ Харків,"з 10/12/2017 щоденно, крім вівторків;  відмінено 31/12/2017",5:00
56920,823,Київ Шепетівка,з 15/12/2017 по п'ятницях,5:08
85,67,Київ Варшава,09/12/2017 - 07/12/2018 щоденно,17:32
56814,177,Київ Хмельницький,"10,17,23,25,30,31/12/2017, 8,14,21,28/01/2018",6:56
56865,846,Київ Неданчичі,цілий рік щоденно,4:32
57113,212,Київ Черкаси,"26/12/2017, 6/01/2018",4:45
56835,"782   (""СТОЛИЧНИЙ ЕКСПРЕС"")",Київ Черкаси,цілий рік щоденно;  відмінено 31/12/2017,3:24
53449,139,Київ Кам'янець-Подільський,"цілий рік по непарних, при двох непарних 29,1,3",8:27
1701,124,Київ Костянтинівка,"10/12, з 25/12/2017 щоденно",14:37
57000,124,Київ Костянтинівка,11-24/12/2017 щоденно,14:37
197,47,Кишинеу Москва,"11/12/2017-23/01/2018 та з 1/04/2018 щоденно;  25/01-31/03/2018 по четвергах, суботах, неділях, вівторках",28:48
332,341,Кишинеу Москва,цілий рік щоденно,31:44
240,66,Кишинеу Москва,"цілий рік по непарних, при двох непарних 29,31,3,5",28:55
56858,815,Конотоп Борщагівка Тех.,"з 10/12/2017 щоденно, крім  понеділків та субот;  додатково 25/12/2017;  відмінено 26/12/2017",4:38
56901,836,Коростень Київ,10/12/2017-3/06/2018 та з 2/09/2018 по неділях;  додатково 25/12/2017;  відмінено 24/12/2017,2:22
1312,126,Костянтинівка Київ,цілий рік щоденно,12:08
53136,712   (ІНТЕРСІТІ+),Костянтинівка Київ,цілий рік щоденно;  відмінено 1/01/2018,6:30
56977,124,Костянтинівка Київ,11-24/12/2017 щоденно,14:43
1610,124,Костянтинівка Київ,"10/12, з 25/12/2017 щоденно",14:43
329,"86   (""БЕЛЫЙ АИСТ"")",Мінськ Київ,цілий рік щоденно,10:12
57112,"758   (""ПОДІЛЬСЬКИЙ ЕКСПРЕС"")",Могилів-Подільський Київ,"з 16/12/2017 по  суботах, понеділках та четвергах;  відмінено 1/01/2018",6:23
267,"5   (""УКРАЇНА"")",Москва Київ,цілий рік щоденно,12:01
54155,47,Москва Кишинеу,"11/12/2017-24/01/2018 та з 2/04/2018 щоденно;  26/01-1/04/2018 по п'ятницях, неділях, понеділках, середах",28:50
56818,65,Москва Кишинеу,"цілий рік по парних, при двох непарних 28,30,2,4",27:06
57090,341,Москва Кишинеу,з 13/12/2017 щоденно,32:45
56678,55,"Москва Жмеринка, Хмельницький","цілий рік по непарних, при двох непарних 29,31,3",19:39
56935,844,Неданчичі Борщагівка Тех.,з 10/12/2017 по неділях;  додатково 25/12/2017;  відмінено 24/12/2017,5:01
56907,844,Неданчичі Фастів,"з 11/12/2017 щоденно, крім неділь;  додатково 24/12/2017;  відмінено 25/12/2017",5:49
56916,848,Рівне Київ,цілий рік щоденно,6:49
54635,"53   (""ЛИБІДЬ"")",С.петербург Київ,"цілий рік по парних, при двох непарних 28,30,2",21:47
56925,882,Славутич Фастів,з 10/12/2017/2017 по неділях;  додатково 25/12/2017;  відмінено 24/12/2017,5:58
380,"779   (ІНТЕРСІТІ""СТОЛИЧНИЙ ЕКСПРЕС"")",Суми Київ,цілий рік щоденно,4:24
57036,"795   (ІНТЕРСІТІ""СТОЛИЧНИЙ ЕКСПРЕС"")",Суми Київ,"23,25,30/12/2017, 8/01/2018",4:43
57124,830,Фастів Шостка,з 2/01/2018 щоденно,6:00
56895,830,Фастів Шостка,до 1/01/2018 щоденно,6:00
56924,818,Фастів Ворожба,цілий рік щоденно,6:34
56869,814,Фастів Зернове,цілий рік щоденно,7:03
49123,721   (ІНТЕРСІТІ+),Харків Київ,"10/12, з 25/12/2017 щоденно",4:43
348,"775   (""СТОЛИЧНИЙ ЕКСПРЕС"")",Харків Київ,"10/12, з 25/12/2017 щоденно",8:24
1323,"63   (""ОБЕРІГ"")",Харків Київ,"10/12, з 25/12/2017 щоденно;  відмінено 31/12/2017",8:16
56982,723   (ІНТЕРСІТІ+),Харків Київ,11-24/12/2017 щоденно,4:44
56996,"63   (""ОБЕРІГ"")",Харків Київ,11-24/12/2017 щоденно,8:16
56998,725   (ІНТЕРСІТІ+),Харків Київ,12-25/12/2017 щоденно,4:43
56995,"775   (""СТОЛИЧНИЙ ЕКСПРЕС"")",Харків Київ,11-24/12/2017 щоденно,8:27
56989,721   (ІНТЕРСІТІ+),Харків Київ,11-24/12/2017 щоденно,4:46
49127,725   (ІНТЕРСІТІ+),Харків Київ,"з 10/12/2017 щоденно, крім  12-25/12/2017",4:40
57098,163,Харків Київ,"30/12/2017, 8/01/2018",8:07
49125,723   (ІНТЕРСІТІ+),Харків Київ,"10/12, з 25/12/2017 щоденно",4:41
56703,719   (ІНТЕРСІТІ+),Харків Київ,"з 10/12/2017 щоденно, крім середи та 12-25/12/2017 ;  відмінено 1/01/2018",5:16
56997,719   (ІНТЕРСІТІ+),Харків Київ,"12-25/12/2017 щоденно, крім середи",5:19
57094,160,Хмельницький Київ,"29/12/2017, 9/01/2018",5:40
54482,772  безпересадковий вагон,Хмельницький Шостка,цілий рік щоденно,10:47
57116,"292   (""ПОДІЛЬСЬКИЙ ЕКСПРЕС"")",Хмельницький Київ,22/12/2017,5:20
53446,"772   (""ПОДІЛЬСЬКИЙ ЕКСПРЕС"")",Хмельницький Київ,цілий рік щоденно,5:14
54627,177,Хмельницький Київ,"10,17,23,25,30,31/12/2017, 8,14,21,28/01/2018",6:39
56547,56,"Хмельницький, Жмеринка Москва","цілий рік по парних, при двох непарних 28,30,2",19:53
57114,211,Черкаси Київ,"24/12/2017, 4/01/2018",4:05
320,"781   (""СТОЛИЧНИЙ ЕКСПРЕС"")",Черкаси Київ,цілий рік щоденно;  відмінено 1/01/20218,3:24
56829,"118   (""БУКОВИНА"")",Чернівці Київ,цілий рік щоденно,12:20
56898,860,Шепетівка Київ,цілий рік щоденно,6:03
56889,842,Шепетівка Київ,цілий рік по суботах та неділях;  додатково 25/12/2017;  відмінено 24/12/2017,5:12
56868,816,Шостка Борщагівка Тех.,з 11/12/2017 по понеділках та суботах;  додатково 26/12/2017;  відмінено 25/12/2017,6:06
56875,830,Шостка Київ,цілий рік щоденно,4:41
213,"784   (""ПОДІЛЬСЬКИЙ ЕКСПРЕС"")",Шостка Київ,цілий рік щоденно,4:23
368,"778   (""ПОДІЛЬСЬКИЙ ЕКСПРЕС"")",Шостка Київ,цілий рік щоденно,3:58
54497,778  безпересадковий вагон,Шостка Хмельницький,цілий рік щоденно,10:29
154,53,С.петербург Харків,"з 24/12/2017 по парних, при двох непарних 28,30,2",29:05
56973,53,С.петербург Харків,10-22/12/2017 по парних,29:24
421,143,Харків С.петербург,"11/12,  з 27/12/2017 по непарних, при двох непарних 27,29,1",29:07
56978,143,Харків С.петербург,13-25/12/2017 по непарних,29:07
54185,61,Кишинеу С.петербург,"цілий рік по непарних, при двох непарних 27,1,3",36:30
54184,61,С.петербург Кишинеу,"цілий рік по непарних, при двох непарних 29,3,5",36:06
56926,890,Вінниця Коростень,"цілий рік щоденно, крім понеділків",3:52
56915,887,Коростень Вінниця,"цілий рік щоденно, крім понеділків",3:49
56876,879,Коростень Козятин,10/12/2017-3/06/2018 та з 2/09/2018 по неділях;  додатково 25/12/2017;  відмінено 24/12/2017,3:05
17,369,Баку Харків,"з 12/12/2017 по вівторках та суботах;  відмінено 30/12/2017, 2/01/2018",49:39
56937,788,Костянтинівка Харків,"з 11/12/2017 по понеділках, п'ятницях, суботах;  додатково 26,31/12/2017, 2,9/01/2018;  відмінено 1/01/2018",4:50
54332,92  безпересадковий вагон,Кременчук Москва,"10-30/12/2017, 2-30/02/03/06/07/09/10/2018 по парних;  1-31/01/04/05/08, 1/11-7/12/2018 по непарних ;  будьте уважні, двері по ст.харків зачиняються о 20:45, потім митний і паспортний контроль!",17:36
305,92,"Кременчук,полтава Харків",цілий рік щоденно,4:35
52668,610,Лисичанськ Харків,цілий рік щоденно,8:03
56979,19  безпересадковий вагон,Москва Суми,11-24/12/2017 щоденно,16:40
54388,19  безпересадковий вагон,Москва Суми,"10/12, з 25/12/2017 щоденно;  відмінено 1/01/2018",16:40
414,19,Москва Харків,цілий рік щоденно;  відмінено 1/01/2018,11:06
57004,19  безпересадковий вагон,Москва Кременчук,11-23/12/2017 по непарних,17:44
54383,19  безпересадковий вагон,Москва Кременчук,"25-31/12/2017, 1-31/02/03/06/07/09/10/2018 по непарних;  2-30/01/04/05/08/2018, 2/11-8/12/2018 по парних",17:44
55254,19  безпересадковий вагон,Москва Полтава,"26-30/12/2017, 2-30/02/03/06/07/09/10/2018 по парних;  3-31/01, 1-31/04/05/08/2018, 1/11-9/12/2018 по непарних",15:18
57005,19  безпересадковий вагон,Москва Полтава,12-24/12/2017 по парних,15:18
55255,92  безпересадковий вагон,Полтава Москва,"11-29/12/2017, 1-31/02/03/06/07/09/10/2018 по непарних;  2-30/01/04/05/08, 2/11-8/12/2018 по парних будьте уважні, двері в вагони  по ст.харків зачиняються о 20:45, потім митний і паспортний контроль!",15:17
54459,118  безпересадковий вагон,Суми Москва,"цілий рік щоденно (крім 14,18,21,24/12/2018);  відмінено 31/12/2017;   будьте уважні, двері в вагони по ст.харків зачиняються о 20:45, потім митний і паспортний контроль!",16:37
57022,118  безпересадковий вагон,Суми Москва,"14,18,21,24/12/2018;   будьте уважні, двері в вагони по ст.харків зачиняються о 20:45, потім митний і паспортний контроль!",16:37
57021,118,Суми Харків,"14,18,21,24/12/2018",3:28
56792,118,Суми Харків,"цілий рік щоденно (крім 14,18,21,24/12/2018);  відмінено 31/12/2017",3:25
308,369,Харків Баку,"з 14/12/2017 по четвергах та понеділках;  відмінено 1,4/01/2018",50:34
260,20,Харків Москва,"цілий рік щоденно;  відмінено 31/12/2017;  будьте уважні, двері в вагони зачиняються о 20:45, потім митний і паспортний контроль!",11:36
56791,117,Харків Суми,"10,11/12, з 26/12/2017 щоденно;  відмінено 2/01/2018",3:22
56980,117,Харків Суми,12-25/12/2017 щоденно,3:22
94,609,Харків Лисичанськ,цілий рік щоденно,7:58
57001,91,"Харків Полтава, Кременчук",12-25/12/2017 щоденно,4:38
261,91,"Харків Полтава, Кременчук","цілий рік щоденно, крім 12-25/12/2017",4:35
56936,787,Харків Костянтинівка,"з 10/12/2017 по неділях, четвергах, п'ятницях;  додатково 25,30/12/2017, 1,8/01/2018;  відмінено 31/12/2017",4:27
57039,328,Зернове Суми,"11-26/12/2017 по понеділках, вівторках, четвергах;    з 29/12/2017 по п'ятницях, неділях, вівторках",5:58
56941,329,Суми Шостка,"11-27/12/2017 по середах, п'ятницях,  суботах, неділях;    з 28/12/2017 по четвергах, суботах, понеділках, середах",4:28
57040,327,Суми Зернове,"11-26/12/2017 по понеділках, вівторках, четвергах;    з 29/12/2017 по п'ятницях, неділях, вівторках",5:34
56942,330,Шостка Суми,"11-27/12/2017 по середах, п'ятницях,  суботах, неділях;    з 28/12/2017 по четвергах, суботах, понеділках, середах",5:00
